ID,Gender,Age,Customer Type,Type of Travel,Class,Flight Distance,Departure Delay,Arrival Delay,Departure and Arrival Time Convenience,Ease of Online Booking,Check-in Service,Online Boarding,Gate Location,On-board Service,Seat Comfort,Leg Room Service,Cleanliness,Food and Drink,In-flight Service,In-flight Wifi Service,In-flight Entertainment,Baggage Handling,Satisfaction
1,Female,28,First-time,Business,Business,821,0,5,1,1,3,1,3,2,2,5,2,2,4,1,2,3,Neutral or Dissatisfied
2,Female,27,First-time,Business,Business,421,20,21,2,2,1,2,4,2,2,5,1,1,3,1,1,4,Neutral or Dissatisfied
3,Male,24,First-time,Business,Economy,453,16,30,2,2,2,2,4,2,5,4,5,5,4,2,5,4,Neutral or Dissatisfied
4,Male,9,Returning,Personal,Business,853,68,76,5,1,5,1,2,4,5,3,5,5,5,1,5,4,Neutral or Dissatisfied
5,Male,52,Returning,Personal,Economy,853,0,0,4,2,3,2,4,3,2,3,2,2,5,2,2,5,Neutral or Dissatisfied
6,Male,70,Returning,Personal,Economy,821,0,0,5,2,4,2,1,4,5,2,5,5,5,2,5,4,Neutral or Dissatisfied
7,Female,48,Returning,Personal,Economy,821,0,0,3,2,5,5,3,5,1,2,2,1,5,2,5,5,Neutral or Dissatisfied
8,Female,61,Returning,Personal,Economy,821,0,0,5,2,5,1,1,5,5,2,1,4,5,2,5,5,Neutral or Dissatisfied
9,Female,11,Returning,Personal,Economy,853,0,0,5,3,5,3,2,3,5,2,5,5,5,3,5,4,Neutral or Dissatisfied
10,Female,42,Returning,Personal,Economy,821,4,0,3,3,3,3,4,1,4,3,3,1,1,3,1,1,Neutral or Dissatisfied
11,Female,14,Returning,Personal,Economy,853,12,1,1,3,4,3,3,1,4,3,4,4,3,3,4,2,Neutral or Dissatisfied
12,Female,70,Returning,Personal,Economy,853,0,0,4,1,4,4,2,1,4,1,4,2,1,1,1,1,Neutral or Dissatisfied
13,Female,56,Returning,Personal,Economy,821,0,0,4,3,4,4,3,5,3,3,4,3,5,4,5,5,Neutral or Dissatisfied
14,Male,77,Returning,Business,Economy Plus,821,0,0,5,5,1,4,5,4,4,5,4,4,2,4,4,3,Neutral or Dissatisfied
15,Male,51,Returning,Business,Business,3460,0,2,3,3,5,4,3,5,5,4,4,2,5,3,5,5,Satisfied
16,Male,47,Returning,Business,Business,1676,0,15,4,5,5,4,4,5,5,5,5,5,5,4,5,4,Satisfied
17,Male,50,Returning,Business,Business,2168,6,24,3,3,4,4,3,5,5,5,4,2,5,3,5,5,Satisfied
18,Male,58,Returning,Business,Business,2867,0,0,5,0,4,5,4,3,5,3,5,5,3,0,3,3,Satisfied
19,Male,40,Returning,Business,Business,3734,0,52,4,4,4,4,4,5,4,5,3,2,5,4,5,5,Satisfied
20,Male,48,Returning,Business,Business,3088,0,12,4,5,3,4,4,4,4,4,3,3,4,4,4,4,Satisfied
21,Male,35,First-time,Business,Business,212,0,0,2,2,5,2,1,4,2,5,2,2,4,2,2,5,Neutral or Dissatisfied
22,Male,21,First-time,Business,Economy,173,0,0,0,4,3,4,4,5,3,5,3,3,4,4,3,4,Satisfied
23,Female,33,First-time,Business,Business,173,22,28,2,2,5,2,5,3,2,3,2,2,5,2,2,5,Neutral or Dissatisfied
24,Female,48,Returning,Business,Business,173,0,0,5,0,5,5,4,5,4,5,4,3,5,0,5,5,Satisfied
25,Male,39,Returning,Business,Business,1672,23,17,2,2,5,4,2,3,5,4,5,5,3,2,3,5,Satisfied
26,Female,42,Returning,Business,Business,2884,0,0,2,5,3,4,5,5,5,5,4,2,5,5,5,5,Satisfied
27,Female,54,Returning,Business,Business,212,12,26,4,4,5,5,4,4,4,4,4,5,4,4,4,5,Satisfied
28,Female,51,Returning,Business,Business,215,0,0,4,4,4,4,4,5,5,4,3,3,5,4,5,5,Satisfied
29,Female,46,Returning,Business,Business,67,0,0,3,3,5,5,3,4,4,4,5,4,4,3,4,4,Satisfied
30,Male,51,Returning,Business,Business,212,0,0,2,2,3,4,2,5,4,4,5,2,5,2,5,4,Satisfied
31,Female,54,Returning,Business,Business,1554,59,70,2,2,3,4,2,4,4,4,5,2,4,2,4,4,Satisfied
32,Female,45,Returning,Business,Business,108,0,0,4,4,5,5,4,4,4,4,3,3,4,4,4,5,Satisfied
33,Female,54,Returning,Business,Business,1584,0,8,2,2,4,4,2,4,4,4,4,4,4,2,4,4,Satisfied
34,Male,51,Returning,Business,Business,2077,0,1,1,4,5,5,4,5,5,5,4,2,5,4,5,5,Satisfied
35,Male,56,Returning,Business,Business,173,30,14,5,0,4,5,3,4,4,3,5,2,4,0,4,3,Satisfied
36,Female,23,First-time,Business,Economy,173,16,13,0,3,3,3,1,3,4,2,4,4,4,3,4,5,Neutral or Dissatisfied
37,Male,24,First-time,Business,Business,108,0,0,4,0,5,4,4,4,2,2,4,4,5,0,4,5,Satisfied
38,Female,40,First-time,Business,Business,212,29,41,3,3,2,3,3,1,4,2,5,5,2,3,5,3,Neutral or Dissatisfied
39,Male,20,First-time,Business,Economy,108,0,29,5,4,5,4,1,5,3,4,5,5,4,4,5,5,Neutral or Dissatisfied
40,Male,27,First-time,Business,Business,108,0,0,4,4,5,4,4,3,5,4,5,5,5,4,5,4,Satisfied
41,Male,44,Returning,Business,Business,1859,0,0,2,4,3,5,2,5,5,5,4,5,5,2,5,5,Satisfied
42,Female,37,Returning,Business,Business,2423,0,8,4,4,1,4,4,2,4,2,4,3,2,3,2,3,Neutral or Dissatisfied
43,Male,56,Returning,Business,Business,173,0,3,1,1,5,5,1,3,4,4,5,5,3,1,3,5,Satisfied
44,Male,24,First-time,Business,Economy,108,0,0,0,0,3,0,1,5,5,5,5,5,5,0,5,4,Satisfied
45,Male,36,Returning,Business,Business,173,12,8,5,5,2,3,5,3,3,3,3,4,3,1,3,1,Neutral or Dissatisfied
46,Male,50,Returning,Business,Business,67,0,0,4,4,4,4,4,5,5,5,5,2,5,4,5,5,Satisfied
47,Male,43,Returning,Business,Business,173,0,0,5,5,2,3,5,2,3,2,4,4,2,4,2,4,Neutral or Dissatisfied
48,Male,52,Returning,Business,Business,212,0,67,1,3,4,3,1,1,3,1,4,4,1,3,1,3,Neutral or Dissatisfied
49,Female,49,Returning,Business,Business,3213,68,59,3,3,1,4,3,1,4,1,3,3,1,4,1,4,Neutral or Dissatisfied
50,Female,47,First-time,Business,Economy,173,0,14,4,1,4,1,1,5,3,5,3,3,4,1,3,1,Neutral or Dissatisfied
51,Male,53,Returning,Business,Business,3201,7,24,2,2,3,3,2,2,3,1,1,3,2,3,2,3,Neutral or Dissatisfied
52,Male,70,Returning,Business,Economy,173,0,0,5,5,3,5,5,3,5,2,5,5,4,5,5,1,Satisfied
53,Female,25,First-time,Business,Economy,212,10,1,2,3,1,3,4,1,3,2,4,4,4,3,4,3,Neutral or Dissatisfied
54,Female,23,First-time,Business,Economy,108,0,0,5,1,5,1,2,4,2,2,2,2,2,2,2,4,Neutral or Dissatisfied
55,Male,55,First-time,Business,Economy,108,0,0,0,4,4,4,5,5,5,2,4,4,2,5,4,5,Satisfied
56,Female,72,First-time,Business,Economy,67,324,296,3,3,2,2,4,4,2,4,2,3,2,3,3,3,Neutral or Dissatisfied
57,Male,58,Returning,Personal,Economy,173,0,4,4,4,1,4,3,4,2,3,2,2,5,4,2,4,Satisfied
58,Female,70,Returning,Personal,Economy,108,50,41,4,0,5,4,3,3,4,0,5,4,3,5,3,3,Satisfied
59,Female,46,Returning,Personal,Economy,173,45,29,1,1,1,3,3,5,4,1,3,1,5,1,5,5,Neutral or Dissatisfied
60,Female,19,Returning,Personal,Economy,215,0,0,3,2,5,2,3,5,1,2,1,1,5,2,1,2,Neutral or Dissatisfied
61,Male,39,Returning,Personal,Economy,108,0,7,2,1,2,1,4,3,2,1,2,2,4,1,2,4,Neutral or Dissatisfied
62,Male,58,Returning,Personal,Economy,215,254,254,2,2,4,4,4,2,4,3,4,2,3,2,3,4,Neutral or Dissatisfied
63,Female,9,Returning,Personal,Economy,173,0,0,3,5,1,5,5,3,3,4,3,3,3,5,3,3,Satisfied
64,Male,53,Returning,Personal,Economy,173,0,0,1,3,4,3,1,3,2,1,2,2,1,3,2,1,Neutral or Dissatisfied
65,Female,27,Returning,Personal,Economy,212,0,13,0,3,5,3,4,3,1,4,1,1,5,3,1,5,Neutral or Dissatisfied
66,Male,65,Returning,Personal,Economy,67,1,0,5,3,4,3,3,4,5,3,5,5,5,3,5,5,Neutral or Dissatisfied
67,Female,52,Returning,Personal,Economy,67,2,0,5,2,5,4,1,1,4,2,4,3,1,2,1,1,Neutral or Dissatisfied
68,Female,53,Returning,Personal,Economy,108,0,0,2,0,1,4,4,1,3,0,3,3,1,2,1,1,Neutral or Dissatisfied
69,Male,41,Returning,Business,Business,2865,72,78,2,4,4,4,2,5,4,5,3,3,5,2,5,5,Satisfied
70,Female,32,First-time,Business,Business,173,0,5,4,4,4,4,3,4,5,1,4,4,4,4,4,4,Neutral or Dissatisfied
71,Female,50,Returning,Business,Business,2035,0,34,5,5,3,5,5,5,4,5,5,4,5,5,5,4,Satisfied
72,Female,43,Returning,Business,Business,3513,101,123,2,2,2,3,2,1,3,1,1,2,1,1,1,1,Neutral or Dissatisfied
73,Male,80,Returning,Business,Economy Plus,108,0,0,4,4,3,1,4,3,1,2,1,1,3,1,1,3,Neutral or Dissatisfied
74,Female,7,Returning,Personal,Economy Plus,173,18,35,5,0,3,0,2,5,2,2,2,2,5,2,2,5,Neutral or Dissatisfied
75,Female,34,Returning,Personal,Economy Plus,173,0,0,4,0,3,0,2,5,3,5,3,3,4,2,3,4,Neutral or Dissatisfied
76,Female,18,First-time,Business,Economy Plus,215,0,0,5,3,2,3,3,1,1,4,1,1,5,3,1,1,Neutral or Dissatisfied
77,Male,44,Returning,Business,Business,562,0,11,4,4,3,4,4,4,5,4,5,3,4,4,4,4,Satisfied
78,Female,52,Returning,Business,Business,562,27,18,5,5,4,4,5,4,5,4,3,3,4,5,4,4,Satisfied
79,Female,23,First-time,Business,Economy,562,27,36,4,0,4,0,4,4,5,2,5,5,5,0,5,5,Satisfied
80,Male,44,Returning,Business,Business,2992,0,0,1,1,3,4,1,4,4,4,3,5,4,1,4,4,Satisfied
81,Female,51,Returning,Business,Business,1970,0,0,3,3,4,4,3,4,4,5,4,2,4,3,4,4,Satisfied
82,Male,44,Returning,Business,Business,1964,0,0,1,1,3,4,1,4,5,4,5,4,4,1,4,4,Satisfied
83,Male,42,Returning,Business,Business,3227,0,0,3,1,3,4,3,4,4,4,5,3,4,3,4,4,Satisfied
84,Female,55,Returning,Business,Business,2639,0,0,1,1,5,5,1,5,5,5,4,4,5,1,5,5,Satisfied
85,Male,24,First-time,Business,Business,562,96,95,0,4,3,4,2,5,4,4,5,5,4,4,5,5,Satisfied
86,Male,47,Returning,Business,Business,3477,0,27,4,4,5,4,4,5,5,5,3,2,5,4,5,5,Satisfied
87,Male,43,Returning,Business,Business,562,45,51,3,3,2,4,3,4,3,4,1,1,4,4,4,4,Neutral or Dissatisfied
88,Female,72,Returning,Business,Business,1954,60,145,1,3,1,1,1,5,1,3,1,1,4,1,4,2,Neutral or Dissatisfied
89,Female,27,First-time,Business,Business,562,0,0,5,5,5,5,3,4,2,5,2,2,5,5,2,4,Satisfied
90,Female,39,Returning,Business,Business,2046,104,122,2,2,5,5,2,4,5,5,3,3,4,2,4,4,Satisfied
91,Female,11,First-time,Business,Economy,562,1,2,0,4,1,4,3,3,2,2,2,2,3,4,2,4,Neutral or Dissatisfied
92,Male,54,Returning,Business,Business,3389,32,40,2,5,3,4,2,4,4,4,3,2,4,4,4,4,Neutral or Dissatisfied
93,Female,51,Returning,Business,Business,562,0,15,3,3,4,4,3,2,4,3,3,1,2,2,2,2,Neutral or Dissatisfied
94,Female,33,Returning,Personal,Economy,562,30,41,3,1,1,1,4,2,4,5,4,4,3,1,4,3,Neutral or Dissatisfied
95,Female,7,Returning,Personal,Economy,562,0,2,5,1,4,1,2,5,5,2,2,2,5,1,2,5,Neutral or Dissatisfied
96,Male,21,Returning,Personal,Economy,562,103,117,5,3,4,3,3,4,5,3,5,5,5,3,5,1,Neutral or Dissatisfied
97,Male,66,Returning,Personal,Economy,562,88,84,5,2,5,2,4,3,5,5,5,5,5,2,5,2,Neutral or Dissatisfied
98,Female,68,Returning,Personal,Economy,562,42,37,1,2,1,3,3,3,3,2,4,4,3,2,3,3,Neutral or Dissatisfied
99,Male,65,Returning,Personal,Economy,562,7,15,1,2,1,2,4,1,4,1,4,4,3,2,4,4,Neutral or Dissatisfied
100,Male,67,Returning,Personal,Economy,562,0,0,2,4,1,4,4,4,2,3,2,2,3,4,2,4,Neutral or Dissatisfied
101,Female,39,Returning,Business,Business,1868,54,49,1,1,3,5,1,4,4,4,4,4,4,1,4,4,Satisfied
102,Female,28,First-time,Business,Business,562,115,116,3,3,1,3,4,1,5,4,5,5,3,3,5,3,Neutral or Dissatisfied
103,Male,59,First-time,Business,Business,227,11,5,2,2,4,2,3,4,2,3,2,2,5,2,2,4,Neutral or Dissatisfied
104,Female,26,First-time,Business,Business,227,38,44,3,3,2,3,3,2,4,1,3,3,3,3,3,3,Neutral or Dissatisfied
105,Female,33,Returning,Business,Business,227,56,57,1,1,4,4,1,5,5,5,5,5,5,1,5,5,Satisfied
106,Male,56,First-time,Business,Business,227,0,0,3,3,5,3,1,4,3,3,2,2,5,3,2,4,Neutral or Dissatisfied
107,Female,43,Returning,Business,Business,2029,4,15,2,2,4,5,2,4,4,4,4,2,4,2,4,4,Satisfied
108,Female,45,Returning,Business,Business,227,0,16,5,5,4,4,5,4,4,4,4,4,4,5,4,4,Satisfied
109,Male,45,Returning,Business,Business,2374,0,0,2,2,3,5,2,4,4,4,5,2,4,2,4,4,Satisfied
110,Female,69,Returning,Business,Business,3261,3,3,5,5,2,4,5,3,3,3,1,4,3,3,3,3,Neutral or Dissatisfied
111,Male,31,Returning,Business,Business,3538,0,5,4,4,4,4,4,4,4,5,4,4,5,4,4,4,Satisfied
112,Female,55,Returning,Business,Business,227,7,1,4,4,3,4,4,4,4,4,4,3,4,4,4,4,Satisfied
113,Male,58,Returning,Business,Business,227,0,0,2,4,4,5,2,4,5,4,4,3,4,2,4,4,Satisfied
114,Female,39,Returning,Business,Business,227,0,18,0,0,4,5,5,2,4,2,4,2,2,0,2,2,Satisfied
115,Female,41,Returning,Business,Business,3002,0,0,0,0,4,4,2,1,5,1,5,5,1,0,1,1,Satisfied
116,Male,16,Returning,Business,Business,227,265,260,1,1,4,4,1,2,4,4,4,3,3,4,4,4,Neutral or Dissatisfied
117,Male,60,Returning,Business,Business,2371,66,61,4,4,3,4,4,4,5,4,3,2,4,4,4,4,Satisfied
118,Female,47,Returning,Business,Business,1946,117,136,1,1,2,2,1,1,2,4,2,2,2,2,4,4,Neutral or Dissatisfied
119,Female,54,Returning,Business,Business,227,58,62,3,3,3,3,3,2,3,2,3,2,2,2,2,2,Neutral or Dissatisfied
120,Male,37,Returning,Business,Business,3758,41,50,3,3,3,3,3,2,2,2,1,4,2,2,2,2,Neutral or Dissatisfied
121,Male,21,First-time,Business,Economy,227,166,185,1,2,3,3,3,3,3,4,3,2,2,2,4,4,Neutral or Dissatisfied
122,Male,36,Returning,Business,Business,1534,11,19,1,5,4,5,5,5,5,5,5,2,5,5,5,5,Satisfied
123,Female,51,Returning,Business,Business,3424,44,42,4,4,4,3,4,3,3,3,4,5,3,3,3,3,Neutral or Dissatisfied
124,Female,35,Returning,Business,Business,227,0,10,3,3,4,4,3,5,4,5,3,5,5,3,5,5,Satisfied
125,Female,41,Returning,Business,Business,2731,0,0,4,4,3,4,4,5,5,5,5,4,5,4,5,5,Satisfied
126,Female,17,First-time,Business,Business,227,0,11,3,4,4,4,3,1,5,2,5,5,4,4,5,4,Neutral or Dissatisfied
127,Female,49,First-time,Business,Business,227,4,9,2,2,2,2,3,1,5,5,3,3,3,2,3,4,Neutral or Dissatisfied
128,Male,60,Returning,Business,Business,3415,0,0,3,3,3,3,3,1,4,2,1,1,1,1,1,1,Neutral or Dissatisfied
129,Male,22,First-time,Business,Economy,227,0,0,4,1,3,1,3,3,2,2,2,2,4,1,2,3,Neutral or Dissatisfied
130,Female,46,Returning,Business,Business,227,0,0,4,4,4,3,4,5,5,5,1,5,5,4,5,5,Satisfied
131,Female,42,Returning,Personal,Economy,227,55,59,4,2,5,4,2,4,5,2,4,4,4,2,4,3,Neutral or Dissatisfied
132,Male,20,Returning,Personal,Economy,227,49,63,5,2,4,2,5,3,5,2,5,5,4,2,5,5,Neutral or Dissatisfied
133,Male,14,Returning,Personal,Economy,227,0,0,5,0,3,0,1,1,5,2,5,5,4,3,5,5,Neutral or Dissatisfied
134,Female,64,Returning,Personal,Economy,227,6,0,4,2,3,5,3,2,4,2,3,5,2,2,2,2,Neutral or Dissatisfied
135,Male,12,Returning,Personal,Economy,227,134,133,4,4,4,4,1,5,4,4,4,4,5,4,5,4,Neutral or Dissatisfied
136,Male,29,Returning,Personal,Economy,227,52,56,5,0,3,0,3,4,2,5,2,2,5,2,2,5,Neutral or Dissatisfied
137,Female,44,Returning,Personal,Economy,227,31,25,3,0,3,4,1,4,2,0,3,2,4,2,4,4,Neutral or Dissatisfied
138,Female,66,Returning,Personal,Economy,227,0,0,5,0,3,5,3,5,5,0,4,5,5,3,5,1,Neutral or Dissatisfied
139,Male,37,Returning,Personal,Economy,227,36,43,5,3,3,3,4,3,4,2,4,4,5,3,4,5,Neutral or Dissatisfied
140,Male,35,Returning,Personal,Economy,227,0,10,3,2,3,2,3,4,4,4,4,4,3,2,4,1,Neutral or Dissatisfied
141,Female,36,Returning,Personal,Economy,227,0,0,5,3,3,3,2,4,2,4,2,2,5,3,2,5,Neutral or Dissatisfied
142,Female,49,Returning,Business,Business,1798,15,12,4,4,3,4,4,5,5,5,3,5,5,4,5,5,Satisfied
143,Male,37,Returning,Business,Business,227,0,0,3,3,5,5,3,5,5,4,4,5,5,3,5,5,Satisfied
144,Female,57,Returning,Business,Business,227,10,10,1,1,4,5,1,5,4,5,4,2,5,1,5,5,Satisfied
145,Female,39,Returning,Business,Business,3822,6,9,4,3,4,3,4,3,4,3,2,1,3,3,3,3,Neutral or Dissatisfied
146,Male,36,First-time,Business,Business,227,0,0,2,2,5,2,3,3,5,4,5,5,4,2,5,4,Neutral or Dissatisfied
147,Female,56,Returning,Personal,Economy Plus,227,0,17,3,2,1,3,1,4,5,2,4,4,4,2,4,4,Neutral or Dissatisfied
148,Female,10,Returning,Personal,Economy Plus,227,39,56,4,1,3,1,2,4,1,4,1,1,5,1,1,4,Neutral or Dissatisfied
149,Male,28,Returning,Personal,Economy Plus,227,0,0,1,2,3,2,4,3,4,3,4,4,4,2,4,4,Neutral or Dissatisfied
150,Female,36,Returning,Business,Business,213,0,0,4,0,5,4,3,1,4,1,5,3,1,0,1,1,Satisfied
151,Male,56,Returning,Business,Business,2975,0,13,5,0,3,5,2,5,5,5,5,5,5,0,5,5,Satisfied
152,Female,56,Returning,Business,Business,213,0,0,4,4,3,5,4,5,4,5,3,3,5,4,5,5,Satisfied
153,Male,44,Returning,Business,Business,2569,0,0,4,4,3,4,4,4,4,4,3,2,4,4,4,5,Satisfied
154,Male,26,First-time,Business,Business,213,0,0,0,3,4,3,3,5,2,5,2,2,5,3,2,4,Neutral or Dissatisfied
155,Male,44,Returning,Business,Business,2497,0,0,4,0,3,5,2,1,4,1,5,4,1,0,1,1,Satisfied
156,Male,49,Returning,Business,Business,213,19,29,1,1,1,3,1,3,3,2,1,4,3,2,3,2,Neutral or Dissatisfied
157,Male,42,Returning,Business,Business,3880,0,0,1,1,3,4,1,3,4,4,3,3,3,1,3,5,Satisfied
158,Male,36,First-time,Business,Business,213,0,0,3,3,5,3,3,3,5,2,5,5,4,3,5,4,Neutral or Dissatisfied
159,Male,20,First-time,Business,Business,213,0,0,2,4,5,4,1,4,5,4,5,5,5,4,5,5,Satisfied
160,Female,42,Returning,Business,Business,2888,0,0,0,0,5,4,2,3,5,3,4,5,3,0,3,3,Satisfied
161,Male,44,Returning,Business,Business,290,0,0,2,2,4,4,2,5,4,5,3,4,5,2,5,5,Satisfied
162,Male,35,First-time,Business,Business,213,41,29,2,2,4,2,4,4,2,4,2,2,4,2,2,3,Neutral or Dissatisfied
163,Male,52,Returning,Business,Business,2129,95,85,2,3,2,4,2,2,4,2,3,5,2,2,2,2,Neutral or Dissatisfied
164,Female,50,Returning,Business,Business,213,0,0,1,1,4,4,1,5,4,5,3,5,5,1,5,5,Satisfied
165,Female,46,Returning,Business,Business,3556,128,117,2,2,3,4,2,5,4,5,3,3,5,2,5,5,Satisfied
166,Male,36,Returning,Business,Business,3098,0,0,4,0,5,4,1,2,5,2,4,5,2,0,2,2,Satisfied
167,Male,23,First-time,Business,Economy,213,21,31,5,5,3,5,4,3,1,5,1,1,4,5,1,4,Satisfied
168,Male,56,Returning,Business,Business,2136,0,0,2,4,5,4,4,5,5,5,3,5,5,4,5,5,Satisfied
169,Male,57,First-time,Business,Business,213,0,0,4,4,4,4,5,5,3,3,3,3,5,4,3,4,Satisfied
170,Female,60,Returning,Business,Business,3756,36,24,4,4,5,4,4,4,5,4,5,2,4,4,4,4,Satisfied
171,Female,43,Returning,Business,Business,3175,54,55,3,3,3,3,3,1,4,1,1,5,1,1,1,1,Neutral or Dissatisfied
172,Female,43,Returning,Business,Business,213,65,85,5,5,2,4,5,2,3,2,3,5,2,1,2,1,Neutral or Dissatisfied
173,Male,38,First-time,Business,Business,213,17,4,3,3,4,3,3,5,5,4,5,5,4,3,5,5,Neutral or Dissatisfied
174,Female,27,First-time,Business,Business,290,0,0,3,3,4,3,4,4,5,5,5,5,4,3,5,3,Neutral or Dissatisfied
175,Female,71,Returning,Business,Business,2376,9,8,3,3,1,3,3,4,3,4,1,2,4,2,4,2,Neutral or Dissatisfied
176,Male,59,Returning,Business,Business,1828,21,19,5,5,3,3,5,4,3,3,2,5,4,4,4,4,Neutral or Dissatisfied
177,Male,53,Returning,Business,Business,3728,0,0,4,4,2,4,4,3,3,3,1,4,3,3,3,3,Neutral or Dissatisfied
178,Female,40,Returning,Business,Business,213,0,0,5,0,3,4,5,4,5,1,3,5,4,0,4,1,Satisfied
179,Female,49,First-time,Business,Business,213,20,21,2,2,3,2,4,4,5,4,5,5,4,2,5,4,Neutral or Dissatisfied
180,Female,69,Returning,Business,Business,290,0,0,2,3,5,4,2,4,2,4,5,1,4,2,4,4,Satisfied
181,Female,27,First-time,Business,Economy,213,6,4,2,4,4,4,1,2,2,1,2,2,1,4,2,1,Neutral or Dissatisfied
182,Male,22,First-time,Business,Economy,213,1,4,0,5,1,5,1,4,3,4,3,3,3,5,3,5,Satisfied
183,Female,30,Returning,Business,Business,213,25,13,5,5,1,4,5,1,2,2,5,5,4,2,5,3,Neutral or Dissatisfied
184,Male,16,Returning,Business,Business,213,0,0,5,3,1,2,5,1,3,5,2,2,3,3,2,4,Neutral or Dissatisfied
185,Male,38,First-time,Business,Business,213,0,0,2,2,1,2,3,1,5,3,3,3,4,2,3,3,Neutral or Dissatisfied
186,Male,34,Returning,Personal,Economy,213,0,0,4,3,3,3,3,1,4,3,4,4,4,3,4,3,Neutral or Dissatisfied
187,Female,35,Returning,Personal,Economy,213,0,2,3,0,3,0,4,4,3,3,3,3,4,0,3,4,Satisfied
188,Male,48,Returning,Personal,Economy,290,0,0,5,2,4,2,1,4,5,3,5,5,4,2,5,4,Neutral or Dissatisfied
189,Male,17,Returning,Personal,Economy,213,0,3,4,4,4,4,3,3,2,3,3,3,4,4,3,2,Neutral or Dissatisfied
190,Male,31,Returning,Personal,Economy,290,0,0,5,5,4,5,3,4,2,5,2,2,4,4,2,4,Neutral or Dissatisfied
191,Male,31,Returning,Personal,Economy,290,25,42,4,3,5,3,3,1,3,4,3,3,4,3,3,4,Neutral or Dissatisfied
192,Female,36,Returning,Personal,Economy,213,0,0,0,2,5,2,2,4,3,2,3,3,5,2,3,5,Neutral or Dissatisfied
193,Female,44,Returning,Personal,Economy,213,0,5,5,4,4,4,1,1,1,4,1,1,1,4,1,1,Neutral or Dissatisfied
194,Female,16,Returning,Personal,Economy,213,192,293,5,1,5,5,1,5,5,4,5,1,3,1,4,4,Neutral or Dissatisfied
195,Male,35,Returning,Personal,Economy,290,0,24,4,3,4,3,1,4,2,3,2,2,5,3,2,4,Neutral or Dissatisfied
196,Male,29,Returning,Personal,Economy,290,0,0,5,4,3,4,2,4,3,3,3,3,2,4,3,4,Neutral or Dissatisfied
197,Male,66,Returning,Personal,Economy,290,0,0,5,3,5,3,4,4,2,3,2,2,4,3,2,4,Neutral or Dissatisfied
198,Female,56,Returning,Personal,Economy,213,20,8,0,0,3,4,3,5,5,0,5,4,5,3,5,5,Neutral or Dissatisfied
199,Female,17,Returning,Personal,Economy,213,0,0,4,3,3,3,4,3,4,3,4,4,4,3,4,4,Neutral or Dissatisfied
200,Female,33,Returning,Business,Business,213,0,0,5,5,5,5,5,5,5,5,3,4,5,5,5,4,Satisfied
201,Female,44,First-time,Business,Business,213,6,40,2,2,5,2,5,3,2,4,2,2,4,2,2,4,Neutral or Dissatisfied
202,Female,47,Returning,Business,Business,1957,14,10,1,1,3,5,1,4,4,4,3,5,4,1,4,5,Satisfied
203,Female,57,Returning,Business,Business,213,0,0,4,4,5,5,4,5,4,5,5,4,5,4,5,5,Satisfied
204,Female,38,First-time,Business,Business,213,0,0,4,4,1,4,4,2,1,3,1,1,4,3,1,3,Neutral or Dissatisfied
205,Male,47,Returning,Business,Economy Plus,213,0,0,4,4,4,3,4,1,3,4,3,3,3,3,3,5,Satisfied
206,Female,16,Returning,Personal,Economy Plus,213,0,0,2,5,4,5,3,5,2,4,2,2,5,5,2,4,Satisfied
207,Male,35,Returning,Business,Business,3242,0,4,4,4,1,2,4,2,2,2,4,1,2,2,2,2,Neutral or Dissatisfied
208,Male,7,Returning,Personal,Business,719,0,2,5,3,3,3,2,3,2,4,2,2,5,3,2,5,Neutral or Dissatisfied
209,Female,39,Returning,Business,Business,719,82,89,2,3,3,5,2,5,5,5,3,3,5,2,5,5,Satisfied
210,Male,44,Returning,Business,Business,719,2,11,3,3,5,5,3,4,5,4,3,3,4,3,4,4,Satisfied
211,Female,49,Returning,Business,Business,3477,7,26,5,5,3,5,5,5,5,5,5,2,5,5,5,5,Satisfied
212,Male,22,Returning,Business,Business,2689,10,27,2,2,4,5,2,4,5,3,5,5,5,2,5,5,Satisfied
213,Male,38,First-time,Business,Business,719,0,0,4,4,4,4,5,5,1,5,1,1,4,4,1,4,Neutral or Dissatisfied
214,Male,22,First-time,Business,Economy,719,14,25,1,1,1,1,3,4,1,3,1,1,4,1,1,3,Neutral or Dissatisfied
215,Male,30,First-time,Business,Business,719,45,41,2,2,1,2,3,2,3,2,3,3,2,2,3,2,Neutral or Dissatisfied
216,Female,29,Returning,Business,Business,2903,17,25,2,2,4,3,2,3,3,5,3,3,3,3,3,3,Neutral or Dissatisfied
217,Male,50,Returning,Business,Business,719,116,140,2,2,3,3,2,2,3,4,3,3,4,3,3,3,Neutral or Dissatisfied
218,Male,11,Returning,Business,Business,719,38,,1,1,4,4,1,4,4,3,4,4,3,4,4,4,Neutral or Dissatisfied
219,Male,23,Returning,Business,Business,719,35,42,4,4,2,3,4,2,3,2,3,3,3,3,3,4,Neutral or Dissatisfied
220,Male,20,First-time,Business,Economy,319,0,0,0,2,2,2,2,1,5,5,5,5,3,2,5,5,Neutral or Dissatisfied
221,Female,70,Returning,Personal,Economy,719,0,0,4,3,5,5,4,1,4,3,5,5,1,3,1,1,Neutral or Dissatisfied
222,Male,66,First-time,Personal,Economy,719,193,205,2,3,2,2,2,3,2,2,2,3,1,3,3,3,Neutral or Dissatisfied
223,Female,50,Returning,Personal,Economy Plus,719,20,22,1,2,4,4,4,2,3,2,2,3,2,1,2,2,Neutral or Dissatisfied
224,Male,39,Returning,Personal,Economy Plus,719,51,79,5,2,3,2,2,4,2,5,2,2,5,2,2,4,Neutral or Dissatisfied
225,Male,18,Returning,Personal,Economy Plus,719,80,76,4,1,3,1,2,5,1,5,2,2,4,1,2,5,Neutral or Dissatisfied
226,Male,26,Returning,Business,Business,3800,158,213,4,4,3,3,4,5,3,5,3,3,4,4,3,5,Satisfied
227,Male,22,First-time,Business,Business,612,92,99,4,5,3,5,1,5,2,3,2,2,5,5,2,5,Satisfied
228,Male,58,Returning,Business,Business,612,1,0,2,2,3,4,2,5,4,5,5,3,5,2,5,5,Satisfied
229,Male,48,Returning,Business,Business,1708,4,0,4,4,3,4,4,4,5,4,5,4,4,4,4,4,Satisfied
230,Female,55,Returning,Business,Business,612,14,19,3,3,3,4,3,4,3,4,2,5,4,4,4,4,Neutral or Dissatisfied
231,Male,62,Returning,Business,Business,612,29,22,5,5,2,4,5,2,3,2,2,2,2,2,2,2,Neutral or Dissatisfied
232,Female,61,Returning,Personal,Economy,612,6,6,4,3,3,1,4,2,2,3,4,1,2,2,2,2,Neutral or Dissatisfied
233,Male,63,Returning,Personal,Business,802,0,6,4,2,5,4,1,4,4,2,4,2,4,2,4,5,Neutral or Dissatisfied
234,Male,43,Returning,Personal,Business,802,0,0,2,1,3,3,3,2,3,1,1,2,2,1,2,2,Neutral or Dissatisfied
235,Female,43,Returning,Business,Business,3967,1,0,5,5,3,4,5,5,4,5,3,3,5,5,5,5,Satisfied
236,Female,49,Returning,Business,Business,825,0,0,3,4,4,4,3,4,5,4,4,5,4,3,4,4,Satisfied
237,Male,44,Returning,Business,Business,2770,0,0,2,3,3,5,2,3,4,4,3,4,3,2,3,3,Satisfied
238,Female,40,Returning,Business,Business,2026,0,0,1,1,3,4,1,4,5,5,3,3,4,1,4,4,Satisfied
239,Male,20,First-time,Business,Economy,802,35,18,3,3,2,3,4,2,3,1,3,3,4,3,3,3,Neutral or Dissatisfied
240,Female,55,Returning,Business,Business,802,165,167,5,5,4,4,5,5,4,5,4,5,4,5,5,5,Satisfied
241,Female,59,Returning,Business,Business,802,0,14,2,2,5,5,2,4,5,4,4,2,4,2,4,4,Satisfied
242,Male,35,First-time,Business,Business,802,0,2,1,1,3,1,3,4,4,2,4,4,4,2,4,3,Neutral or Dissatisfied
243,Male,43,Returning,Business,Business,802,0,0,1,1,3,2,1,3,2,2,3,2,3,3,3,3,Neutral or Dissatisfied
244,Male,53,Returning,Business,Business,3357,0,0,2,2,3,3,2,2,3,2,1,5,2,2,2,2,Neutral or Dissatisfied
245,Female,27,First-time,Business,Business,802,0,0,3,3,3,3,4,3,1,3,1,1,3,4,1,3,Neutral or Dissatisfied
246,Female,29,Returning,Business,Business,3044,0,0,5,3,3,5,3,3,4,4,4,4,4,3,4,5,Satisfied
247,Female,43,First-time,Business,Economy,402,0,0,0,3,5,3,1,4,2,1,2,2,2,2,2,4,Neutral or Dissatisfied
248,Male,40,Returning,Business,Business,402,0,0,3,3,2,3,3,5,3,5,5,5,5,3,5,5,Satisfied
249,Female,16,Returning,Personal,Economy,802,0,0,5,1,4,1,4,3,4,2,4,4,1,2,4,3,Neutral or Dissatisfied
250,Female,23,Returning,Personal,Economy,825,0,0,3,3,3,3,4,4,1,1,1,1,4,3,1,4,Neutral or Dissatisfied
251,Male,44,Returning,Personal,Economy,825,0,0,5,4,4,4,3,4,3,5,3,3,4,4,3,5,Satisfied
252,Male,51,Returning,Personal,Economy,825,0,0,4,3,4,3,1,3,5,3,5,5,5,3,5,5,Neutral or Dissatisfied
253,Male,25,Returning,Personal,Economy,825,0,0,5,4,5,4,4,3,4,3,4,4,5,4,4,5,Satisfied
254,Male,40,First-time,Business,Business,802,11,4,4,4,4,4,1,3,2,2,2,2,5,4,2,4,Satisfied
255,Female,17,First-time,Business,Economy,802,0,0,4,4,4,4,5,4,4,5,4,4,5,4,4,5,Satisfied
256,Female,45,Returning,Business,Business,825,2,0,1,5,1,4,5,1,4,1,2,3,1,1,1,1,Neutral or Dissatisfied
257,Female,41,Returning,Business,Business,802,0,0,4,3,4,4,3,5,5,4,4,2,5,3,5,5,Satisfied
258,Male,55,Returning,Business,Business,3433,0,0,5,5,4,4,5,5,5,4,4,5,5,5,5,5,Satisfied
259,Female,42,Returning,Personal,Economy Plus,802,74,74,3,2,4,5,1,5,1,2,4,3,5,3,5,5,Neutral or Dissatisfied
260,Male,51,Returning,Personal,Economy Plus,825,0,0,5,3,5,3,5,3,4,3,4,4,5,2,4,4,Neutral or Dissatisfied
261,Male,39,First-time,Business,Business,1250,0,0,1,1,4,1,2,4,1,5,1,1,4,1,1,4,Neutral or Dissatisfied
262,Male,54,Returning,Business,Business,2718,0,0,1,3,5,4,1,4,5,4,5,3,4,1,4,4,Satisfied
263,Female,21,First-time,Business,Economy,1250,14,0,3,3,3,3,3,5,1,2,1,1,5,4,1,4,Satisfied
264,Male,52,Returning,Business,Business,1517,43,17,4,4,1,3,4,2,3,1,2,5,2,2,2,2,Neutral or Dissatisfied
265,Male,17,Returning,Personal,Economy,1250,11,12,2,3,3,3,3,2,1,3,1,1,4,3,1,3,Neutral or Dissatisfied
266,Female,54,Returning,Personal,Economy,1250,123,120,1,4,3,2,2,4,2,4,3,3,4,4,4,4,Neutral or Dissatisfied
267,Female,47,Returning,Business,Business,2262,0,8,4,4,2,4,4,3,3,3,3,5,3,3,3,3,Neutral or Dissatisfied
268,Female,55,Returning,Business,Business,590,62,67,1,1,3,5,1,4,4,4,5,3,4,1,4,4,Satisfied
269,Male,52,First-time,Business,Business,590,5,0,3,3,3,3,5,4,5,3,5,5,4,3,5,4,Neutral or Dissatisfied
270,Male,41,Returning,Business,Business,590,45,50,2,2,5,5,2,5,4,5,3,3,5,2,5,5,Satisfied
271,Female,24,First-time,Business,Business,590,0,0,1,4,4,4,4,3,3,2,3,3,5,4,3,4,Satisfied
272,Male,40,Returning,Business,Business,821,18,19,2,2,5,5,2,3,4,2,4,5,3,2,3,3,Satisfied
273,Male,52,Returning,Business,Business,821,18,18,5,4,3,5,5,5,5,5,4,5,5,5,5,5,Satisfied
274,Male,51,Returning,Business,Business,3183,13,11,2,2,5,5,2,5,5,5,5,3,5,2,5,5,Satisfied
275,Female,43,Returning,Business,Business,1895,0,0,2,2,4,3,2,1,4,1,2,1,1,1,1,1,Neutral or Dissatisfied
276,Male,56,Returning,Business,Business,2204,55,49,1,1,5,4,1,4,5,4,4,4,4,1,4,4,Satisfied
277,Male,26,First-time,Business,Business,821,0,0,5,5,4,4,3,3,3,4,3,3,5,5,3,5,Satisfied
278,Female,31,Returning,Business,Business,2146,0,15,5,5,3,4,5,5,5,5,5,5,4,5,5,4,Satisfied
279,Female,56,Returning,Business,Business,853,0,0,3,1,4,5,3,4,5,4,3,4,4,3,4,4,Satisfied
280,Male,53,Returning,Business,Business,853,0,0,2,2,5,4,2,4,5,4,4,4,4,2,4,4,Satisfied
281,Female,60,Returning,Business,Business,2180,0,12,1,1,5,4,1,3,4,3,4,5,3,1,3,3,Satisfied
282,Male,26,First-time,Business,Business,821,10,5,2,2,5,2,3,4,4,5,4,4,4,2,4,4,Neutral or Dissatisfied
283,Male,22,Returning,Business,Business,3206,41,133,2,2,5,5,2,2,5,5,5,5,4,2,4,4,Satisfied
284,Male,30,First-time,Business,Business,821,25,36,4,4,4,4,1,5,4,4,3,3,4,4,3,5,Neutral or Dissatisfied
285,Female,59,Returning,Business,Business,2160,0,9,2,2,3,4,2,4,4,4,5,2,4,2,4,4,Satisfied
286,Female,25,Returning,Business,Business,3380,2,3,1,1,4,5,1,3,5,4,5,5,5,1,5,5,Satisfied
287,Female,44,Returning,Business,Business,821,0,0,1,1,3,4,1,5,4,5,3,2,5,1,5,5,Satisfied
288,Female,25,First-time,Business,Business,821,0,0,5,5,4,5,3,3,5,3,5,5,5,5,5,5,Satisfied
289,Female,29,First-time,Business,Business,853,0,10,2,2,3,2,3,2,1,5,1,1,3,2,1,3,Neutral or Dissatisfied
290,Female,60,Returning,Business,Business,821,2,0,1,3,1,3,1,2,4,2,3,1,2,2,2,2,Neutral or Dissatisfied
291,Female,21,First-time,Business,Business,853,0,0,1,3,1,3,3,2,3,4,3,3,3,2,3,3,Neutral or Dissatisfied
292,Male,42,Returning,Business,Business,3109,0,8,1,1,1,3,1,2,4,2,3,2,2,2,2,2,Neutral or Dissatisfied
293,Male,49,Returning,Business,Business,821,0,7,3,3,4,2,3,2,3,2,2,1,2,2,2,2,Neutral or Dissatisfied
294,Male,59,Returning,Business,Business,3674,0,0,2,2,3,5,2,4,5,4,4,2,4,2,4,4,Satisfied
295,Male,21,First-time,Business,Business,821,0,3,0,4,4,4,2,5,5,3,5,5,4,4,5,4,Satisfied
296,Female,25,First-time,Business,Business,821,19,3,1,3,4,3,3,2,2,2,2,2,4,3,2,4,Neutral or Dissatisfied
297,Female,31,Returning,Business,Business,3845,0,0,1,1,4,5,1,5,5,4,5,5,4,1,5,4,Satisfied
298,Female,39,Returning,Business,Business,821,12,32,3,3,1,4,3,1,4,1,3,1,1,1,1,1,Neutral or Dissatisfied
299,Male,56,Returning,Business,Business,3344,16,4,2,1,5,5,2,4,5,4,3,2,4,2,4,4,Satisfied
300,Male,47,Returning,Business,Business,3954,9,0,3,3,2,3,3,1,3,1,3,1,1,1,1,1,Neutral or Dissatisfied
301,Male,46,Returning,Business,Business,3293,0,5,4,4,1,4,4,2,3,2,3,2,2,2,2,2,Neutral or Dissatisfied
302,Male,51,Returning,Business,Business,821,0,9,3,4,4,3,4,3,3,3,2,4,3,3,3,3,Neutral or Dissatisfied
303,Male,44,Returning,Business,Economy,453,0,0,1,5,5,4,1,2,4,3,4,4,2,4,4,3,Satisfied
304,Female,37,First-time,Business,Economy,421,5,15,3,5,1,5,3,5,2,2,2,2,3,5,2,1,Satisfied
305,Male,26,First-time,Business,Economy,421,0,0,5,3,1,3,2,4,1,4,1,1,4,3,1,1,Neutral or Dissatisfied
306,Female,56,Returning,Business,Business,421,10,0,0,0,4,3,3,1,3,0,1,5,1,1,1,1,Neutral or Dissatisfied
307,Female,40,Returning,Business,Economy,421,0,0,4,4,4,4,4,1,4,4,4,4,4,4,4,4,Neutral or Dissatisfied
308,Male,37,Returning,Personal,Economy,821,0,0,5,2,3,2,1,4,5,2,5,5,4,2,5,4,Neutral or Dissatisfied
309,Female,57,Returning,Personal,Economy,853,0,9,5,4,4,4,3,4,4,4,3,3,4,4,4,4,Neutral or Dissatisfied
310,Female,22,Returning,Personal,Economy,853,0,0,2,3,4,3,2,2,2,4,2,2,3,2,2,2,Neutral or Dissatisfied
311,Male,16,Returning,Personal,Economy,853,0,0,5,3,5,3,1,5,2,3,2,2,5,3,2,4,Neutral or Dissatisfied
312,Female,35,Returning,Personal,Economy,821,0,6,5,1,3,1,3,4,2,4,3,3,4,1,3,5,Neutral or Dissatisfied
313,Male,27,Returning,Personal,Economy,821,0,12,4,2,5,2,2,3,3,5,3,3,4,2,3,5,Neutral or Dissatisfied
314,Male,55,Returning,Business,Business,3431,0,0,4,0,4,5,5,5,4,5,4,3,5,0,5,5,Satisfied
315,Male,27,First-time,Business,Business,113,0,0,4,4,4,4,5,3,2,2,5,5,4,4,5,5,Neutral or Dissatisfied
316,Male,40,Returning,Business,Business,229,0,0,5,5,5,4,5,5,5,5,4,5,5,5,5,5,Satisfied
317,Male,24,First-time,Business,Economy,134,14,14,3,5,4,5,3,5,5,4,5,5,5,5,5,4,Satisfied
318,Female,39,Returning,Business,Business,1869,0,0,2,2,3,4,2,5,4,5,3,5,5,2,5,5,Satisfied
319,Female,33,First-time,Business,Business,113,0,0,3,3,3,3,5,4,5,5,5,5,4,3,5,5,Neutral or Dissatisfied
320,Female,42,Returning,Business,Business,1924,13,7,2,2,5,5,2,4,4,4,4,5,4,2,4,4,Satisfied
321,Female,35,Returning,Business,Business,164,33,29,5,5,5,4,5,5,5,5,5,2,5,5,5,5,Satisfied
322,Male,26,First-time,Business,Business,102,0,0,0,0,5,0,1,3,4,3,4,4,4,0,4,5,Satisfied
323,Female,46,Returning,Business,Business,354,43,43,0,0,3,5,3,1,4,1,3,4,1,0,1,1,Satisfied
324,Female,53,Returning,Business,Business,2366,0,0,2,2,5,4,2,4,4,4,3,4,4,2,4,4,Satisfied
325,Male,49,Returning,Business,Business,3770,0,0,1,1,5,5,1,5,4,5,4,4,5,1,5,4,Satisfied
326,Male,50,Returning,Business,Business,482,0,3,4,4,5,5,4,4,5,4,5,3,4,4,4,4,Satisfied
327,Male,50,Returning,Business,Business,3579,25,22,1,1,5,4,1,4,4,5,5,4,4,1,4,4,Satisfied
328,Male,43,Returning,Business,Business,2169,0,0,3,3,4,5,3,5,4,4,3,5,5,3,5,5,Satisfied
329,Female,39,Returning,Business,Business,2895,27,30,3,2,5,4,3,5,5,5,3,4,5,3,5,5,Satisfied
330,Male,53,Returning,Business,Business,2235,0,3,3,3,4,4,3,4,5,4,5,5,4,3,4,4,Satisfied
331,Male,54,Returning,Business,Business,270,44,26,1,1,4,4,4,4,4,4,4,3,4,0,4,4,Satisfied
332,Female,54,Returning,Business,Business,3628,14,6,4,4,3,5,4,4,5,4,3,3,4,4,4,4,Satisfied
333,Male,41,First-time,Business,Business,309,0,0,1,1,4,5,4,5,5,3,5,5,4,5,5,5,Satisfied
334,Female,42,Returning,Business,Business,247,0,0,3,3,3,4,3,5,5,5,3,4,5,3,5,5,Satisfied
335,Male,45,Returning,Business,Business,1507,0,0,0,0,4,5,4,5,4,5,3,4,5,0,5,5,Satisfied
336,Female,56,Returning,Business,Business,102,34,31,4,5,4,4,5,4,4,4,4,3,4,5,4,4,Satisfied
337,Female,46,Returning,Business,Business,1987,70,66,3,3,5,4,3,4,4,4,3,3,4,3,4,4,Satisfied
338,Female,58,Returning,Business,Business,3442,13,16,4,4,4,5,4,5,5,5,3,5,5,4,5,4,Satisfied
339,Male,43,Returning,Business,Business,102,0,0,1,1,5,5,1,5,4,5,5,5,5,1,5,4,Satisfied
340,Female,45,Returning,Business,Business,229,0,0,0,0,3,4,4,2,4,2,3,4,2,0,2,2,Satisfied
341,Female,58,Returning,Business,Business,2759,59,51,2,2,3,5,2,4,4,4,4,2,4,2,4,4,Satisfied
342,Female,54,Returning,Business,Business,2722,0,0,4,4,4,5,4,4,4,4,5,3,4,4,4,4,Satisfied
343,Male,69,Returning,Business,Business,2848,0,0,3,3,3,4,3,4,4,4,3,3,4,3,4,4,Satisfied
344,Female,27,First-time,Business,Business,102,0,0,2,2,3,2,3,5,1,4,1,1,5,2,1,5,Neutral or Dissatisfied
345,Male,58,Returning,Business,Business,3432,0,0,1,4,4,5,4,4,5,4,4,2,4,4,4,4,Satisfied
346,Female,52,Returning,Business,Business,1954,0,0,3,3,5,5,3,5,5,5,3,3,5,3,5,5,Satisfied
347,Male,52,Returning,Business,Business,1938,0,31,5,5,4,5,5,4,5,4,3,3,4,5,4,4,Satisfied
348,Male,49,Returning,Business,Business,134,0,0,4,4,3,4,4,4,5,4,5,2,4,4,4,5,Satisfied
349,Female,35,Returning,Business,Business,140,3,5,1,1,4,4,1,3,4,4,5,2,3,1,3,4,Satisfied
350,Female,54,Returning,Business,Business,3325,0,0,5,5,4,5,5,5,5,5,5,4,5,5,5,5,Satisfied
351,Male,35,Returning,Business,Business,3838,0,3,1,5,2,4,1,3,3,3,3,1,3,3,3,3,Neutral or Dissatisfied
352,Female,26,First-time,Business,Business,158,0,1,3,2,1,2,4,3,3,3,3,3,4,2,3,4,Neutral or Dissatisfied
353,Male,52,Returning,Business,Business,134,0,0,4,4,4,4,4,4,5,4,4,2,4,4,4,4,Satisfied
354,Male,38,First-time,Business,Business,164,0,0,4,4,5,4,3,4,2,4,1,1,4,4,1,5,Satisfied
355,Male,23,First-time,Business,Economy,134,0,0,0,1,3,1,1,3,4,4,5,5,5,0,5,5,Satisfied
356,Female,36,Returning,Business,Business,1818,0,4,4,4,5,4,4,5,4,5,5,2,5,4,5,5,Satisfied
357,Male,42,Returning,Business,Business,3824,0,0,5,5,5,4,5,4,4,4,3,4,4,5,4,4,Satisfied
358,Female,39,Returning,Business,Business,1661,0,0,3,5,3,5,3,4,4,5,4,5,4,3,4,4,Satisfied
359,Male,39,Returning,Business,Business,102,0,0,5,4,1,3,4,2,3,1,2,2,2,4,2,4,Neutral or Dissatisfied
360,Male,59,Returning,Business,Business,309,48,55,2,2,2,2,2,3,2,3,4,3,3,3,3,3,Neutral or Dissatisfied
361,Male,36,First-time,Business,Business,134,0,0,1,1,4,1,1,4,4,2,4,4,4,2,4,5,Neutral or Dissatisfied
362,Female,32,Returning,Business,Business,164,0,0,4,4,4,1,4,1,2,1,1,1,4,2,1,4,Neutral or Dissatisfied
363,Female,47,Returning,Business,Business,3169,0,0,5,5,2,2,5,2,2,2,1,1,2,2,2,2,Neutral or Dissatisfied
364,Male,48,Returning,Business,Business,229,39,45,5,5,2,3,5,1,4,1,2,4,1,1,1,1,Neutral or Dissatisfied
365,Male,57,Returning,Business,Business,3687,0,0,1,1,4,4,1,2,4,2,1,1,2,2,2,2,Neutral or Dissatisfied
366,Female,49,Returning,Business,Business,2739,1,0,5,0,5,4,3,4,5,4,4,2,4,0,4,2,Satisfied
367,Male,58,Returning,Business,Business,158,0,0,2,2,3,4,2,1,4,1,2,2,1,2,1,2,Neutral or Dissatisfied
368,Male,53,Returning,Business,Business,1822,0,0,1,4,3,2,4,1,3,1,3,1,1,2,1,2,Neutral or Dissatisfied
369,Male,51,Returning,Business,Business,3458,0,2,4,0,5,5,1,2,5,2,3,2,2,0,2,2,Satisfied
370,Female,38,First-time,Business,Business,229,0,0,4,4,1,4,3,1,5,2,2,2,3,4,2,4,Neutral or Dissatisfied
371,Female,44,Returning,Business,Business,3915,0,0,2,2,3,3,2,4,2,3,4,5,4,1,4,1,Neutral or Dissatisfied
372,Female,36,Returning,Business,Business,2474,0,0,1,1,5,5,1,5,4,5,5,3,5,1,5,4,Satisfied
373,Female,48,Returning,Business,Business,270,0,5,5,5,5,5,5,5,5,5,4,4,5,5,5,5,Satisfied
374,Male,58,Returning,Business,Business,309,0,1,5,3,3,4,5,4,4,4,4,4,4,5,4,4,Satisfied
375,Male,36,Returning,Business,Business,140,88,85,2,2,1,3,2,1,4,1,2,2,1,3,1,3,Neutral or Dissatisfied
376,Female,25,First-time,Business,Business,312,0,0,0,4,4,4,4,3,4,2,4,4,5,3,4,4,Neutral or Dissatisfied
377,Male,42,Returning,Business,Business,3957,7,50,4,4,4,5,4,5,5,5,4,4,5,4,5,5,Satisfied
378,Female,30,First-time,Business,Business,270,0,0,2,2,5,2,1,5,2,3,2,2,5,1,2,5,Neutral or Dissatisfied
379,Female,51,Returning,Business,Business,3873,2,0,1,4,4,5,4,4,4,4,3,4,4,4,4,4,Satisfied
380,Male,59,Returning,Business,Business,3800,0,0,4,0,5,4,3,1,4,1,5,5,1,0,1,1,Satisfied
381,Female,39,Returning,Business,Business,1770,0,2,1,1,1,3,1,4,4,4,4,1,4,4,4,4,Neutral or Dissatisfied
382,Female,35,First-time,Business,Business,113,0,0,1,1,1,1,4,2,3,4,3,3,3,1,3,4,Neutral or Dissatisfied
383,Female,40,Returning,Business,Business,1654,0,0,3,3,3,4,3,1,4,2,4,3,1,4,1,4,Neutral or Dissatisfied
384,Female,52,Returning,Personal,Business,309,6,16,5,2,3,5,5,2,4,2,4,2,2,2,2,2,Neutral or Dissatisfied
385,Female,24,Returning,Personal,Business,140,74,76,5,3,1,3,3,1,2,1,2,2,4,3,2,1,Neutral or Dissatisfied
386,Male,47,Returning,Personal,Business,102,0,0,2,0,4,4,3,1,4,0,4,5,1,1,1,1,Neutral or Dissatisfied
387,Female,46,Returning,Personal,Business,247,0,0,5,2,4,4,3,1,5,2,4,3,1,2,1,1,Neutral or Dissatisfied
388,Male,63,Returning,Personal,Business,102,0,0,4,4,1,3,3,2,5,4,4,3,2,4,2,2,Neutral or Dissatisfied
389,Female,27,Returning,Personal,Business,158,24,23,5,3,4,3,5,3,3,3,3,3,5,3,3,5,Neutral or Dissatisfied
390,Male,53,Returning,Personal,Business,134,80,71,2,2,4,3,3,2,3,2,3,5,2,2,2,2,Neutral or Dissatisfied
391,Female,60,Returning,Personal,Business,396,0,0,5,1,5,5,3,2,1,1,2,3,2,1,2,3,Neutral or Dissatisfied
392,Male,46,Returning,Personal,Business,134,0,0,4,3,3,5,2,5,5,3,5,4,5,3,5,5,Neutral or Dissatisfied
393,Female,63,Returning,Personal,Business,282,0,0,4,4,5,5,2,1,3,4,1,5,1,3,1,1,Neutral or Dissatisfied
394,Female,57,Returning,Personal,Business,134,6,7,3,4,4,3,2,2,5,4,4,3,2,4,2,4,Neutral or Dissatisfied
395,Female,66,Returning,Personal,Business,396,0,0,5,4,3,5,4,1,5,4,3,4,1,1,1,1,Neutral or Dissatisfied
396,Male,31,Returning,Personal,Business,229,0,0,5,5,4,5,4,3,5,2,5,5,5,5,5,4,Satisfied
397,Female,14,Returning,Personal,Business,309,0,0,4,3,1,3,4,3,5,5,5,5,1,3,5,2,Neutral or Dissatisfied
398,Male,35,Returning,Personal,Business,247,0,0,4,0,5,4,2,3,4,0,5,4,3,1,3,3,Neutral or Dissatisfied
399,Male,48,Returning,Personal,Business,247,27,32,5,5,4,5,1,3,4,5,4,3,3,5,3,3,Satisfied
400,Female,41,Returning,Business,Business,3060,0,0,4,4,4,4,4,5,5,5,4,4,5,4,5,5,Satisfied
401,Male,46,Returning,Business,Business,2978,0,0,5,0,3,4,2,3,4,3,4,3,3,0,3,3,Satisfied
402,Female,51,Returning,Business,Business,354,7,8,1,1,5,5,1,5,5,5,5,5,5,1,5,5,Satisfied
403,Male,48,Returning,Business,Business,2607,0,0,4,4,3,4,4,5,5,5,5,5,5,4,5,5,Satisfied
404,Male,42,First-time,Business,Business,282,0,0,4,4,5,4,3,5,3,3,3,3,4,4,3,5,Neutral or Dissatisfied
405,Female,32,Returning,Business,Business,1804,0,0,2,2,3,5,2,5,4,2,5,5,4,2,5,4,Satisfied
406,Female,27,First-time,Business,Business,158,0,0,5,5,3,5,3,5,4,3,4,4,5,5,4,5,Satisfied
407,Female,39,Returning,Business,Business,3409,0,0,4,0,4,5,4,1,5,1,3,4,1,0,1,1,Satisfied
408,Male,55,Returning,Business,Business,134,0,0,4,4,3,4,4,4,4,4,4,2,4,4,4,4,Satisfied
409,Male,59,Returning,Business,Business,312,26,18,1,1,3,4,1,5,4,5,5,2,5,1,5,5,Satisfied
410,Male,47,Returning,Business,Business,3145,51,34,5,5,4,5,5,5,5,5,3,4,5,5,5,5,Satisfied
411,Female,34,Returning,Business,Business,3310,1,1,5,5,4,5,5,5,5,5,3,2,5,5,5,5,Satisfied
412,Female,48,Returning,Business,Business,3945,0,18,5,5,5,4,5,5,4,5,5,3,5,5,5,5,Satisfied
413,Male,43,Returning,Business,Business,113,0,0,5,5,4,4,5,5,4,5,4,5,5,5,5,4,Satisfied
414,Male,59,Returning,Business,Business,134,0,10,1,1,3,4,1,4,4,4,5,2,4,1,4,5,Satisfied
415,Female,38,Returning,Business,Business,1911,0,0,0,0,4,5,1,1,5,2,5,3,1,0,1,2,Satisfied
416,Male,41,Returning,Business,Business,2227,0,0,3,3,4,5,3,4,5,4,4,5,4,3,4,4,Satisfied
417,Female,53,Returning,Business,Business,102,0,1,1,1,4,5,1,4,5,4,3,2,4,1,4,4,Satisfied
418,Female,44,Returning,Business,Business,2500,22,12,1,1,5,4,1,5,4,5,3,3,5,1,5,5,Satisfied
419,Female,26,Returning,Business,Business,229,0,0,5,5,4,4,5,4,4,4,4,4,4,5,4,5,Satisfied
420,Female,30,Returning,Business,Business,396,0,0,1,1,4,4,1,4,5,3,5,5,5,1,5,4,Satisfied
421,Female,48,Returning,Business,Business,102,0,0,3,3,5,4,3,4,4,5,3,5,4,3,4,4,Satisfied
422,Female,47,Returning,Business,Business,3730,0,0,5,5,5,4,5,4,5,4,5,4,4,5,4,4,Satisfied
423,Female,51,Returning,Business,Business,1568,0,0,5,5,5,5,5,4,4,4,5,3,4,5,4,5,Satisfied
424,Male,48,Returning,Business,Business,3617,0,15,5,0,5,5,4,3,5,3,4,2,3,0,3,3,Satisfied
425,Male,43,Returning,Business,Business,1634,0,0,2,3,4,5,3,5,4,5,4,5,5,3,5,4,Satisfied
426,Female,56,Returning,Business,Business,89,0,0,1,1,4,5,1,4,5,4,4,4,4,1,4,4,Satisfied
427,Male,40,First-time,Business,Business,113,22,20,1,1,4,1,4,5,3,3,3,3,4,1,3,5,Neutral or Dissatisfied
428,Male,57,Returning,Business,Business,1760,0,0,4,0,5,5,4,2,5,2,5,3,2,0,2,2,Satisfied
429,Female,39,Returning,Business,Business,1681,0,0,4,4,4,4,4,5,5,5,5,5,5,4,5,5,Satisfied
430,Female,59,Returning,Business,Business,3517,0,0,1,1,3,5,1,5,5,5,4,5,5,1,5,5,Satisfied
431,Female,62,Returning,Business,Business,3490,22,19,3,3,5,4,3,4,5,4,3,2,4,3,4,5,Satisfied
432,Male,57,Returning,Business,Business,1595,63,73,3,3,4,5,3,5,5,5,5,3,5,3,5,5,Satisfied
433,Female,43,Returning,Business,Business,89,0,0,4,1,4,5,4,4,4,4,5,3,4,4,4,5,Satisfied
434,Male,28,First-time,Business,Business,309,0,11,4,4,3,4,1,5,1,3,1,1,5,4,1,4,Neutral or Dissatisfied
435,Female,37,First-time,Business,Business,164,0,0,4,4,3,4,4,4,1,5,1,1,4,4,1,5,Satisfied
436,Male,55,Returning,Business,Business,134,0,0,1,1,4,5,1,4,5,4,4,4,4,1,4,4,Satisfied
437,Female,30,Returning,Business,Business,482,0,0,1,1,4,5,1,3,5,3,5,5,5,1,5,4,Satisfied
438,Female,34,Returning,Business,Business,2553,0,0,5,5,4,5,5,5,5,5,3,3,5,5,5,4,Satisfied
439,Male,45,Returning,Business,Business,1528,5,1,0,0,3,4,3,3,4,3,5,2,3,0,3,3,Satisfied
440,Male,39,Returning,Business,Business,2540,14,11,4,0,4,4,5,4,5,4,4,5,4,0,4,4,Satisfied
441,Male,48,Returning,Business,Business,354,15,23,1,1,3,4,1,4,5,4,5,3,4,1,4,4,Satisfied
442,Male,23,First-time,Business,Business,158,0,0,5,0,3,0,2,4,2,4,2,2,4,0,2,4,Satisfied
443,Male,48,Returning,Business,Business,89,19,16,4,4,4,4,4,4,5,4,5,4,4,4,4,4,Satisfied
444,Male,20,First-time,Business,Economy,164,0,1,0,2,4,2,3,3,2,4,2,2,5,2,2,4,Neutral or Dissatisfied
445,Female,51,Returning,Business,Business,2752,0,2,1,1,3,5,1,4,4,4,4,4,4,1,4,4,Satisfied
446,Female,57,Returning,Business,Business,229,0,0,3,3,4,4,3,5,5,5,3,2,5,3,5,5,Satisfied
447,Male,57,Returning,Business,Business,2884,3,21,1,1,3,5,1,4,4,4,4,3,4,1,4,4,Satisfied
448,Male,59,Returning,Business,Business,134,0,0,4,0,4,4,3,3,5,3,4,2,3,0,3,3,Satisfied
449,Female,32,First-time,Business,Business,309,0,0,3,3,5,3,1,5,4,5,4,4,4,3,4,5,Neutral or Dissatisfied
450,Female,59,Returning,Business,Business,3621,0,4,4,4,4,4,4,4,4,4,3,5,4,4,4,4,Satisfied
451,Female,34,Returning,Business,Business,3008,0,0,5,5,5,5,5,5,5,5,5,3,5,5,5,5,Satisfied
452,Female,41,Returning,Business,Business,164,9,0,1,1,5,5,1,4,5,4,3,2,4,1,4,5,Satisfied
453,Female,49,Returning,Business,Business,3603,0,0,5,5,3,5,5,4,5,4,3,3,4,5,4,5,Satisfied
454,Female,57,Returning,Business,Business,2541,0,0,2,4,3,4,2,5,5,5,3,3,5,2,5,5,Satisfied
455,Male,48,Returning,Business,Business,2469,0,0,2,2,5,5,2,4,4,4,5,4,4,2,4,4,Satisfied
456,Female,38,Returning,Business,Business,354,16,3,1,1,4,5,1,4,4,4,4,2,4,1,4,4,Satisfied
457,Male,41,Returning,Business,Business,1549,37,32,4,1,4,4,1,1,4,1,3,4,1,0,1,1,Satisfied
458,Male,38,Returning,Business,Business,3598,0,4,5,4,4,4,4,5,4,5,3,5,5,4,5,4,Satisfied
459,Male,39,Returning,Business,Business,2068,0,0,1,1,4,4,1,4,4,4,3,4,4,1,4,4,Satisfied
460,Male,52,Returning,Business,Business,164,20,9,4,0,4,5,4,2,5,2,5,2,2,0,2,2,Satisfied
461,Male,50,Returning,Business,Business,3003,0,0,0,0,3,5,2,3,5,3,4,5,3,0,3,3,Satisfied
462,Female,36,Returning,Business,Business,1709,0,0,2,2,5,4,2,5,4,5,3,5,5,2,5,5,Satisfied
463,Female,38,Returning,Business,Business,3690,0,0,4,4,3,4,4,4,4,4,3,4,4,4,4,5,Satisfied
464,Female,57,Returning,Business,Business,2241,0,0,1,1,3,4,1,4,5,5,3,4,4,1,4,4,Satisfied
465,Female,52,Returning,Business,Business,354,0,0,1,1,3,5,1,4,4,4,3,2,4,1,4,4,Satisfied
466,Female,40,Returning,Business,Business,134,0,0,3,3,3,5,3,5,4,5,3,3,5,3,5,4,Satisfied
467,Male,36,First-time,Business,Business,247,15,32,2,2,4,2,2,3,4,4,4,4,4,2,4,5,Neutral or Dissatisfied
468,Male,56,Returning,Business,Business,140,0,0,3,3,3,5,3,4,5,4,3,4,4,3,4,4,Satisfied
469,Male,41,Returning,Business,Business,134,0,0,5,5,4,4,5,3,4,4,4,2,3,5,3,5,Satisfied
470,Male,21,First-time,Business,Business,89,0,0,0,5,5,5,1,4,3,4,3,3,4,4,3,5,Satisfied
471,Male,57,Returning,Business,Business,247,0,0,5,5,3,5,5,3,5,4,4,4,3,5,3,3,Satisfied
472,Male,50,Returning,Business,Business,1935,0,0,0,0,3,5,4,4,4,4,5,5,4,0,4,4,Satisfied
473,Female,15,First-time,Business,Economy,247,0,0,0,2,5,2,3,5,4,5,4,4,5,2,4,5,Neutral or Dissatisfied
474,Female,34,Returning,Business,Business,396,0,0,2,2,3,5,2,5,4,5,4,5,5,2,5,5,Satisfied
475,Female,50,Returning,Business,Business,2938,0,4,1,1,4,4,1,5,5,4,4,5,5,1,5,5,Satisfied
476,Female,59,First-time,Business,Business,158,0,0,2,2,3,2,1,5,1,3,1,1,4,2,1,5,Neutral or Dissatisfied
477,Female,39,Returning,Business,Business,158,0,18,1,1,4,4,1,4,5,4,5,4,4,1,4,5,Satisfied
478,Female,48,Returning,Business,Business,3418,0,1,3,3,5,4,3,3,5,4,3,4,3,3,3,4,Satisfied
479,Female,50,Returning,Business,Business,3425,3,0,4,5,3,5,4,5,4,5,4,3,5,4,5,5,Satisfied
480,Female,30,Returning,Business,Business,134,61,58,2,2,5,4,2,5,5,4,4,4,4,2,4,5,Satisfied
481,Female,55,Returning,Business,Business,1827,0,0,5,5,3,4,5,4,5,4,5,5,4,5,4,4,Satisfied
482,Male,38,First-time,Business,Business,134,6,1,4,4,3,4,1,3,2,2,2,2,5,4,2,4,Neutral or Dissatisfied
483,Female,49,Returning,Business,Business,134,0,0,3,3,3,4,3,5,5,5,4,4,5,3,5,4,Satisfied
484,Male,54,Returning,Business,Business,2526,0,0,5,5,4,5,5,4,4,4,4,4,4,5,4,4,Satisfied
485,Female,54,Returning,Business,Business,1665,0,0,0,0,4,5,4,1,5,1,4,3,1,0,1,1,Satisfied
486,Male,52,Returning,Business,Business,2055,7,9,0,0,3,5,3,2,4,2,5,2,2,0,2,2,Satisfied
487,Male,51,Returning,Business,Business,3462,0,0,4,4,5,5,4,4,4,4,5,4,4,4,4,4,Satisfied
488,Female,38,First-time,Business,Business,309,0,0,3,3,5,3,4,3,1,5,5,5,4,3,5,4,Neutral or Dissatisfied
489,Male,32,First-time,Business,Business,309,0,0,3,3,3,3,2,5,4,4,4,4,5,3,4,5,Neutral or Dissatisfied
490,Female,42,Returning,Business,Business,1956,31,22,0,0,3,4,4,1,4,1,4,3,1,0,1,1,Satisfied
491,Female,51,Returning,Business,Business,134,0,0,5,5,5,4,5,5,5,5,3,4,5,5,5,4,Satisfied
492,Male,23,First-time,Business,Economy,134,0,0,4,4,5,4,4,5,4,3,4,4,4,4,4,4,Satisfied
493,Female,39,Returning,Business,Business,3983,0,0,4,4,4,4,4,5,5,5,3,2,5,4,5,5,Satisfied
494,Female,46,Returning,Business,Business,3437,58,53,5,5,5,4,5,5,4,5,3,5,5,5,5,5,Satisfied
495,Male,57,Returning,Business,Business,2298,9,10,5,5,3,4,5,5,5,5,5,5,5,5,5,5,Satisfied
496,Male,54,Returning,Business,Business,2494,1,0,0,0,4,4,5,5,4,5,5,4,5,0,5,5,Satisfied
497,Male,34,First-time,Business,Business,312,0,0,2,2,4,2,3,5,2,3,2,2,4,2,2,4,Neutral or Dissatisfied
498,Male,53,Returning,Business,Business,3460,0,0,1,1,5,4,1,4,4,4,3,4,4,1,4,4,Satisfied
499,Male,30,Returning,Business,Business,3904,0,0,5,5,5,3,5,3,3,4,3,3,4,5,3,5,Satisfied
500,Male,39,Returning,Business,Business,3498,0,0,5,0,5,4,4,3,4,3,4,3,3,0,3,3,Satisfied
501,Female,59,First-time,Business,Business,134,13,14,4,4,4,4,1,5,3,2,3,3,4,4,3,4,Neutral or Dissatisfied
502,Male,50,Returning,Business,Business,309,0,10,5,5,5,5,5,4,5,4,4,3,4,5,4,4,Satisfied
503,Female,55,First-time,Business,Business,134,0,0,3,3,5,3,5,4,4,5,3,3,4,3,3,4,Neutral or Dissatisfied
504,Male,32,Returning,Business,Business,113,0,0,4,4,4,4,4,5,5,3,4,4,4,4,4,5,Satisfied
505,Female,40,Returning,Business,Business,164,38,33,5,0,5,4,2,5,4,4,3,4,5,0,5,4,Satisfied
506,Female,44,Returning,Business,Business,3447,0,0,5,0,3,5,1,3,5,3,5,3,3,0,3,3,Satisfied
507,Female,60,Returning,Business,Business,89,0,0,4,4,4,4,4,4,4,4,5,2,4,4,4,4,Satisfied
508,Female,57,Returning,Business,Business,134,0,0,5,5,3,5,5,4,5,4,4,5,4,5,4,4,Satisfied
509,Female,39,Returning,Business,Business,3514,0,10,2,2,3,4,2,4,4,4,4,5,4,2,4,5,Satisfied
510,Male,31,Returning,Business,Business,3057,0,0,2,2,5,5,2,3,5,5,5,5,4,2,5,4,Satisfied
511,Male,39,Returning,Business,Business,2398,0,4,5,5,5,5,5,4,5,4,4,4,4,5,4,4,Satisfied
512,Female,31,Returning,Business,Business,3594,15,23,3,3,3,4,3,5,5,3,4,4,4,3,4,5,Satisfied
513,Male,42,Returning,Business,Business,164,0,0,3,3,5,5,3,4,4,5,5,5,4,3,4,5,Satisfied
514,Female,51,Returning,Business,Business,3447,0,0,5,0,5,4,2,5,4,5,3,4,5,0,5,5,Satisfied
515,Female,32,Returning,Business,Business,2560,25,17,4,4,5,5,4,3,4,2,5,5,5,4,5,4,Satisfied
516,Male,23,First-time,Business,Business,247,80,76,5,4,3,4,5,4,5,2,5,5,4,4,5,4,Satisfied
517,Female,59,First-time,Business,Business,247,0,0,4,4,3,4,2,5,4,5,4,4,4,4,4,4,Satisfied
518,Female,29,Returning,Business,Business,1588,0,0,1,1,2,1,1,2,1,5,1,1,3,1,1,3,Neutral or Dissatisfied
519,Male,49,Returning,Business,Business,89,0,0,5,5,3,4,5,5,5,5,5,3,5,5,5,5,Satisfied
520,Male,62,Returning,Business,Business,3235,19,18,4,2,5,5,4,4,4,4,3,2,4,4,4,4,Satisfied
521,Female,52,Returning,Business,Business,2145,0,0,4,0,4,4,5,2,4,2,5,2,2,0,2,2,Satisfied
522,Male,57,Returning,Business,Business,309,0,0,2,4,3,4,4,4,5,4,3,5,4,4,4,4,Satisfied
523,Male,40,Returning,Business,Business,312,0,0,2,4,3,4,2,5,5,5,4,5,5,2,5,5,Satisfied
524,Female,47,Returning,Business,Business,2947,0,14,1,1,5,4,1,4,5,4,3,5,4,1,4,4,Satisfied
525,Male,40,First-time,Business,Business,164,29,24,1,1,5,1,5,4,3,4,3,3,4,1,3,5,Neutral or Dissatisfied
526,Male,46,Returning,Business,Business,113,9,3,3,3,4,5,3,5,5,5,3,3,5,3,5,5,Satisfied
527,Male,64,First-time,Business,Business,282,0,0,3,3,2,3,3,3,3,2,4,4,4,3,4,3,Neutral or Dissatisfied
528,Female,27,Returning,Business,Business,89,0,0,4,4,3,4,4,4,5,4,4,4,4,4,4,4,Satisfied
529,Male,25,First-time,Business,Business,113,0,0,3,5,5,5,2,5,4,2,4,4,5,5,4,4,Satisfied
530,Female,54,Returning,Business,Business,2703,0,0,3,3,3,5,3,4,5,4,3,4,4,3,4,4,Satisfied
531,Female,68,First-time,Business,Business,158,0,0,2,2,4,2,4,3,3,4,3,3,5,2,3,5,Neutral or Dissatisfied
532,Female,48,Returning,Business,Business,164,0,0,1,5,3,4,5,4,5,4,4,4,4,5,4,4,Satisfied
533,Male,37,Returning,Business,Business,309,40,35,4,4,3,5,4,4,5,4,3,4,4,4,4,4,Satisfied
534,Male,56,Returning,Business,Business,2414,0,0,5,5,5,5,5,4,4,4,3,3,4,5,4,4,Satisfied
535,Male,46,Returning,Business,Business,1598,11,12,3,3,3,5,3,5,4,5,5,4,5,3,5,4,Satisfied
536,Male,25,First-time,Business,Business,164,47,57,0,4,4,4,4,5,1,5,5,5,5,4,5,4,Satisfied
537,Female,33,First-time,Business,Business,158,0,2,2,2,5,2,5,3,2,5,4,4,5,2,4,4,Neutral or Dissatisfied
538,Female,58,Returning,Business,Business,164,0,0,1,1,5,5,1,5,4,5,4,5,5,1,5,4,Satisfied
539,Male,25,First-time,Business,Business,282,0,1,1,1,1,1,3,3,2,1,2,2,4,1,2,4,Neutral or Dissatisfied
540,Male,46,Returning,Business,Business,164,0,0,1,4,3,4,1,4,4,4,3,2,4,1,4,5,Satisfied
541,Female,50,Returning,Business,Business,158,0,0,4,0,3,4,4,1,5,1,4,4,1,0,1,1,Satisfied
542,Female,66,Returning,Business,Business,2883,0,0,2,2,4,5,2,5,4,5,3,5,5,2,5,5,Satisfied
543,Female,40,Returning,Business,Business,3424,36,37,1,1,3,5,1,5,4,5,4,3,5,1,5,5,Satisfied
544,Male,50,Returning,Business,Business,164,0,0,1,4,4,5,1,5,5,5,5,3,5,1,5,5,Satisfied
545,Female,56,Returning,Business,Business,2694,0,2,3,3,4,5,3,4,4,4,5,2,4,3,4,4,Satisfied
546,Female,56,Returning,Business,Business,1507,10,12,0,0,4,5,3,2,5,3,3,3,2,0,2,3,Satisfied
547,Male,55,First-time,Business,Business,102,0,0,1,1,5,1,4,5,3,5,3,3,5,1,3,4,Neutral or Dissatisfied
548,Female,50,Returning,Business,Business,247,0,0,2,2,4,5,2,5,4,5,5,4,5,2,5,5,Satisfied
549,Male,42,Returning,Business,Business,1633,0,0,1,1,4,4,1,5,4,5,3,5,5,1,5,4,Satisfied
550,Male,44,Returning,Business,Business,229,36,22,5,5,5,5,5,5,4,5,5,3,5,5,5,5,Satisfied
551,Female,44,Returning,Business,Business,89,25,23,1,1,4,4,1,4,5,4,5,2,4,1,4,4,Satisfied
552,Female,46,Returning,Business,Business,3100,0,0,2,2,4,5,2,4,4,4,5,4,4,2,4,4,Satisfied
553,Male,56,Returning,Business,Business,247,1,8,2,3,5,4,2,5,5,5,3,4,5,2,5,5,Satisfied
554,Female,39,Returning,Business,Business,3269,0,0,1,1,4,4,1,5,4,4,5,2,5,1,5,4,Satisfied
555,Female,56,Returning,Business,Business,134,0,2,5,5,5,4,5,5,4,5,4,5,5,5,5,4,Satisfied
556,Female,57,Returning,Business,Business,2939,0,0,0,0,5,4,2,3,4,3,4,2,3,0,3,3,Satisfied
557,Female,58,Returning,Business,Business,2797,0,0,1,1,5,5,1,5,5,5,3,4,5,1,5,5,Satisfied
558,Female,24,First-time,Business,Economy,270,0,0,0,4,4,4,3,5,4,4,4,4,4,4,4,5,Neutral or Dissatisfied
559,Male,47,Returning,Business,Business,396,0,0,3,3,3,5,3,5,4,5,4,4,5,3,5,5,Satisfied
560,Female,39,Returning,Business,Business,270,20,26,1,1,4,5,1,5,5,5,5,3,5,1,5,5,Satisfied
561,Male,46,Returning,Business,Business,134,0,0,4,4,4,4,4,2,4,2,3,2,2,3,2,3,Neutral or Dissatisfied
562,Female,27,First-time,Business,Business,89,3,21,4,4,5,4,3,4,3,3,3,3,4,4,3,4,Satisfied
563,Female,30,Returning,Business,Business,2100,0,0,4,2,3,4,4,3,5,4,5,5,5,4,5,4,Satisfied
564,Male,50,Returning,Business,Business,3643,0,12,2,2,3,4,2,4,4,4,4,4,4,2,4,4,Satisfied
565,Male,23,Returning,Business,Business,2557,1,5,3,3,4,5,3,5,4,3,5,5,4,3,5,4,Satisfied
566,Male,56,Returning,Business,Business,158,0,0,5,5,5,4,5,5,4,5,4,3,5,5,5,4,Satisfied
567,Female,48,Returning,Business,Business,2311,8,12,4,2,5,4,4,5,4,5,3,2,5,4,5,5,Satisfied
568,Male,55,Returning,Business,Business,3534,0,0,5,5,3,5,5,5,5,5,4,3,5,5,5,5,Satisfied
569,Male,40,First-time,Business,Business,309,0,0,3,3,4,3,3,3,2,2,2,2,4,3,2,5,Neutral or Dissatisfied
570,Female,39,Returning,Business,Business,2145,0,0,4,0,5,5,2,2,5,2,5,4,2,0,2,2,Satisfied
571,Male,27,First-time,Business,Business,89,0,0,2,2,3,2,4,5,1,3,1,1,5,2,1,5,Neutral or Dissatisfied
572,Female,54,Returning,Business,Business,1586,10,19,1,1,2,3,1,2,3,2,3,2,2,1,2,1,Neutral or Dissatisfied
573,Male,27,First-time,Business,Business,140,0,0,0,0,5,0,4,4,5,5,5,5,5,0,5,5,Satisfied
574,Male,43,Returning,Business,Business,312,0,0,5,5,4,4,5,5,5,5,3,2,5,5,5,5,Satisfied
575,Male,58,Returning,Business,Business,1936,24,21,3,3,4,4,3,5,5,5,3,5,5,3,5,4,Satisfied
576,Male,28,Returning,Business,Business,2521,0,0,3,3,4,5,3,3,5,5,5,5,5,3,5,4,Satisfied
577,Male,43,Returning,Business,Business,229,0,0,4,4,4,4,4,5,5,5,3,4,5,4,5,5,Satisfied
578,Male,39,First-time,Business,Business,309,0,0,2,2,5,2,1,3,1,3,1,1,5,2,1,4,Neutral or Dissatisfied
579,Female,39,Returning,Business,Business,1766,0,0,2,2,5,4,2,4,4,4,3,2,4,2,4,4,Satisfied
580,Male,46,Returning,Business,Business,102,101,98,1,1,3,4,1,4,5,4,3,5,4,1,4,4,Satisfied
581,Male,51,Returning,Business,Business,2073,22,17,0,0,4,5,4,2,4,2,4,5,2,0,2,2,Satisfied
582,Male,45,Returning,Business,Business,247,28,14,2,2,4,4,2,5,4,5,3,5,5,2,5,5,Satisfied
583,Male,42,Returning,Business,Business,3903,0,0,5,5,4,4,5,4,4,4,5,3,4,5,4,4,Satisfied
584,Male,35,First-time,Business,Business,89,0,0,3,3,4,3,3,5,3,3,3,3,5,3,3,4,Neutral or Dissatisfied
585,Male,40,Returning,Business,Business,134,0,0,3,3,3,5,3,5,5,5,3,5,5,3,5,5,Satisfied
586,Female,42,Returning,Business,Business,164,0,0,4,0,4,4,1,4,4,4,3,5,4,0,4,4,Satisfied
587,Female,47,Returning,Business,Business,158,0,1,3,3,4,5,3,4,4,4,5,2,4,3,4,5,Satisfied
588,Female,53,Returning,Business,Business,3785,0,0,5,5,5,4,5,4,4,4,5,4,4,5,4,5,Satisfied
589,Female,39,Returning,Business,Business,113,0,0,5,5,4,5,5,5,5,5,5,4,5,5,5,5,Satisfied
590,Male,55,First-time,Business,Business,158,1,0,5,5,4,5,3,4,3,5,3,3,5,5,3,5,Satisfied
591,Female,57,Returning,Business,Business,2554,0,0,5,5,3,4,5,4,4,4,3,4,4,5,4,4,Satisfied
592,Male,23,First-time,Business,Business,229,0,0,0,4,5,4,4,5,1,4,1,1,4,4,1,4,Satisfied
593,Female,40,Returning,Business,Business,3123,0,0,5,5,5,4,5,4,5,4,5,2,4,5,4,4,Satisfied
594,Male,39,Returning,Business,Business,309,25,16,4,4,3,4,4,5,5,5,5,4,5,4,5,5,Satisfied
595,Male,40,Returning,Business,Business,282,0,0,0,0,3,5,4,3,5,3,4,4,3,0,3,3,Satisfied
596,Male,58,Returning,Business,Business,3585,0,0,3,3,4,4,3,3,4,3,4,1,3,3,3,3,Neutral or Dissatisfied
597,Female,52,Returning,Business,Business,2216,0,3,1,1,4,5,1,4,5,4,3,2,4,1,4,5,Satisfied
598,Female,60,Returning,Business,Business,3931,11,20,4,2,3,4,2,5,5,5,3,3,5,2,5,5,Satisfied
599,Female,49,Returning,Business,Business,89,0,0,4,0,5,5,3,5,4,5,5,5,5,0,5,5,Satisfied
600,Male,58,Returning,Business,Business,164,0,0,4,4,4,4,4,4,5,4,3,3,4,4,4,4,Satisfied
601,Male,52,Returning,Business,Business,3811,0,0,0,0,3,4,4,3,4,3,4,5,3,0,3,3,Satisfied
602,Female,37,Returning,Business,Business,1535,45,62,4,4,4,5,4,5,5,5,3,2,5,4,5,5,Satisfied
603,Male,21,First-time,Business,Economy,396,0,0,0,3,4,3,2,5,2,2,2,2,5,3,2,4,Neutral or Dissatisfied
604,Male,37,First-time,Business,Business,164,0,31,2,2,3,2,5,3,4,3,4,4,4,3,4,4,Neutral or Dissatisfied
605,Male,58,Returning,Business,Business,3593,0,0,4,5,4,4,4,2,4,2,5,4,2,4,2,2,Satisfied
606,Male,54,Returning,Business,Business,247,112,119,4,4,4,4,4,5,4,5,4,3,5,4,5,5,Satisfied
607,Female,23,First-time,Business,Economy,229,0,0,4,0,3,0,1,4,5,4,2,2,4,1,2,4,Neutral or Dissatisfied
608,Male,27,First-time,Business,Business,482,0,0,4,4,3,4,2,3,2,2,2,2,5,4,2,4,Satisfied
609,Female,30,Returning,Business,Business,2369,0,0,1,1,5,5,1,5,5,3,5,5,5,1,5,5,Satisfied
610,Male,47,Returning,Business,Business,2556,0,0,5,0,4,4,3,1,5,1,4,4,1,0,1,1,Satisfied
611,Male,39,First-time,Business,Business,312,0,0,4,4,4,4,3,3,3,2,3,3,5,4,3,4,Neutral or Dissatisfied
612,Female,58,Returning,Business,Business,3824,0,5,2,2,3,4,2,2,4,1,1,5,2,2,2,2,Neutral or Dissatisfied
613,Male,48,Returning,Business,Business,1940,21,14,1,1,5,4,1,4,5,4,4,5,4,1,4,4,Satisfied
614,Male,49,Returning,Business,Business,229,0,1,5,5,3,4,5,4,4,4,4,5,4,5,4,4,Satisfied
615,Male,57,Returning,Business,Business,2360,0,0,5,5,4,4,5,4,4,4,3,5,4,5,4,5,Satisfied
616,Female,53,Returning,Business,Business,3574,0,0,3,3,3,5,3,4,4,4,3,5,4,3,4,5,Satisfied
617,Female,48,Returning,Business,Business,102,0,0,3,4,5,4,4,5,4,5,4,5,5,4,5,5,Satisfied
618,Female,45,Returning,Business,Business,3712,0,0,4,4,5,5,4,4,5,4,5,3,4,4,4,4,Satisfied
619,Male,58,Returning,Business,Business,2620,0,0,1,1,4,5,1,5,4,4,5,3,5,1,5,5,Satisfied
620,Female,41,Returning,Business,Business,229,0,0,1,1,4,5,1,5,5,5,4,5,5,1,5,5,Satisfied
621,Female,26,First-time,Business,Business,164,0,0,0,3,4,3,4,5,2,2,4,4,5,3,4,4,Neutral or Dissatisfied
622,Female,54,Returning,Business,Business,229,0,0,1,1,4,5,1,5,5,5,4,4,5,1,5,5,Satisfied
623,Female,46,Returning,Business,Business,89,0,0,5,0,4,4,4,1,5,1,4,5,1,0,1,1,Satisfied
624,Male,40,Returning,Business,Business,3893,0,0,3,3,3,4,3,4,4,4,4,3,4,3,4,5,Satisfied
625,Female,50,First-time,Business,Business,134,0,10,1,1,2,1,4,1,5,1,5,5,4,1,5,4,Neutral or Dissatisfied
626,Female,21,First-time,Business,Economy,134,0,0,0,1,5,1,1,4,4,5,4,4,4,1,4,5,Neutral or Dissatisfied
627,Male,44,Returning,Business,Business,2525,0,16,4,4,5,4,4,4,4,4,3,5,4,4,4,4,Satisfied
628,Female,39,Returning,Business,Business,2929,0,0,4,2,3,4,4,4,5,5,5,2,4,4,4,4,Satisfied
629,Female,41,Returning,Business,Business,113,47,49,5,5,4,4,5,5,4,5,4,2,5,5,5,5,Satisfied
630,Female,46,Returning,Business,Business,113,0,0,3,3,4,4,3,5,4,5,5,4,5,3,5,4,Satisfied
631,Female,52,Returning,Business,Business,229,0,0,2,2,3,4,2,4,5,4,3,2,4,2,4,4,Satisfied
632,Female,24,First-time,Business,Economy,309,0,0,5,1,5,1,2,3,2,4,4,4,4,1,4,4,Neutral or Dissatisfied
633,Female,54,Returning,Business,Business,164,0,0,1,5,4,4,5,4,4,4,5,4,4,5,4,5,Satisfied
634,Male,42,Returning,Business,Business,3640,0,0,1,4,5,4,1,4,5,4,5,4,4,1,4,4,Satisfied
635,Male,46,Returning,Business,Business,3259,46,60,4,3,4,5,4,4,5,4,5,3,4,4,4,4,Satisfied
636,Female,48,Returning,Business,Business,3552,0,0,2,4,4,4,2,1,4,1,1,3,1,3,1,3,Neutral or Dissatisfied
637,Female,27,First-time,Business,Business,247,9,8,2,2,3,2,2,3,1,2,1,1,4,2,1,4,Neutral or Dissatisfied
638,Male,42,Returning,Business,Business,134,0,0,3,3,5,5,3,5,5,5,3,2,5,3,5,5,Satisfied
639,Male,32,Returning,Business,Business,134,3,0,1,1,4,1,1,4,2,3,1,1,3,2,1,4,Neutral or Dissatisfied
640,Male,54,Returning,Business,Business,309,0,0,4,4,1,4,4,2,3,2,1,5,2,2,2,2,Neutral or Dissatisfied
641,Male,34,First-time,Business,Business,309,0,0,4,4,5,4,2,4,1,5,1,1,4,4,1,5,Neutral or Dissatisfied
642,Male,32,Returning,Business,Business,282,0,0,3,5,4,4,3,5,4,3,4,4,4,3,4,4,Satisfied
643,Female,42,Returning,Business,Business,1988,0,0,1,1,5,4,1,4,4,4,4,2,4,1,4,4,Satisfied
644,Female,43,Returning,Business,Business,3102,0,0,4,0,4,4,1,3,4,3,4,3,3,0,3,3,Satisfied
645,Female,59,Returning,Business,Business,164,0,0,4,0,4,5,4,4,5,4,4,5,4,0,4,4,Satisfied
646,Male,37,First-time,Business,Business,309,0,0,2,2,3,2,4,4,1,3,1,1,5,2,1,5,Neutral or Dissatisfied
647,Male,26,First-time,Business,Business,164,0,0,5,3,3,3,4,3,5,2,5,5,4,2,5,4,Neutral or Dissatisfied
648,Female,40,Returning,Business,Business,3625,0,1,1,2,3,4,1,5,4,5,3,3,5,1,5,5,Satisfied
649,Female,39,Returning,Business,Business,2242,212,208,5,5,4,4,5,4,4,5,4,4,4,5,4,4,Satisfied
650,Male,20,First-time,Business,Economy,89,0,0,4,1,4,1,5,5,1,2,3,3,4,1,3,4,Neutral or Dissatisfied
651,Male,22,First-time,Business,Economy,102,0,0,5,1,5,1,3,4,4,3,4,4,4,1,4,4,Neutral or Dissatisfied
652,Male,43,Returning,Business,Business,3908,11,7,4,4,5,5,4,5,5,5,3,3,5,4,5,5,Satisfied
653,Male,18,Returning,Business,Business,2301,33,35,4,2,3,1,2,3,3,2,0,0,3,3,0,4,Neutral or Dissatisfied
654,Female,46,Returning,Business,Business,113,8,8,4,4,5,4,4,4,4,4,3,4,4,4,4,4,Satisfied
655,Female,61,Returning,Business,Business,1701,0,0,2,2,5,5,2,3,5,4,3,4,3,2,3,3,Satisfied
656,Male,18,First-time,Business,Economy,270,0,0,4,2,4,2,3,3,1,4,1,1,4,2,1,5,Neutral or Dissatisfied
657,Female,34,Returning,Business,Business,158,6,0,4,4,4,5,4,5,4,5,4,3,5,4,5,4,Satisfied
658,Male,50,First-time,Business,Business,134,15,43,2,2,5,2,3,5,4,5,4,4,4,2,4,4,Neutral or Dissatisfied
659,Male,55,Returning,Business,Business,2900,0,0,1,1,4,5,4,3,4,3,3,2,3,0,3,3,Satisfied
660,Female,42,Returning,Business,Business,2950,0,0,1,1,1,2,1,5,3,4,2,2,5,3,5,3,Neutral or Dissatisfied
661,Male,45,Returning,Business,Business,2987,0,0,1,1,5,4,1,5,4,5,3,2,5,1,5,4,Satisfied
662,Male,55,First-time,Business,Business,113,0,0,4,4,5,4,3,3,4,4,4,4,4,4,4,5,Satisfied
663,Male,38,Returning,Business,Business,3358,0,0,4,4,1,2,4,3,3,3,4,3,3,1,3,1,Neutral or Dissatisfied
664,Female,50,Returning,Business,Business,2390,0,5,4,4,3,4,4,5,5,5,5,4,5,4,5,4,Satisfied
665,Female,40,Returning,Business,Business,158,116,135,4,4,4,5,4,4,4,4,4,4,4,4,5,5,Satisfied
666,Male,36,Returning,Business,Business,89,134,129,4,4,5,5,4,2,5,5,5,5,4,4,4,5,Satisfied
667,Female,52,Returning,Business,Business,3854,0,0,4,4,3,5,4,4,4,4,5,2,4,4,4,5,Satisfied
668,Male,54,Returning,Business,Business,89,0,0,3,3,3,4,3,2,3,2,4,2,2,2,2,2,Neutral or Dissatisfied
669,Female,37,First-time,Business,Business,89,0,0,4,4,3,4,3,5,3,5,3,3,5,4,3,4,Neutral or Dissatisfied
670,Male,35,Returning,Business,Business,3640,31,47,4,4,4,4,4,5,5,5,4,2,5,4,5,5,Satisfied
671,Female,37,First-time,Business,Business,134,78,73,2,2,2,2,3,2,1,4,1,1,4,2,1,4,Neutral or Dissatisfied
672,Female,44,Returning,Business,Business,1915,0,0,2,2,5,4,2,5,5,5,4,2,5,2,5,5,Satisfied
673,Female,47,First-time,Business,Business,89,0,0,2,2,4,2,5,3,2,5,4,4,5,2,4,4,Neutral or Dissatisfied
674,Female,27,First-time,Business,Business,158,0,10,2,2,1,2,3,2,1,1,1,1,4,2,1,3,Neutral or Dissatisfied
675,Female,51,Returning,Business,Business,309,0,0,1,1,4,5,1,5,4,5,4,2,5,1,5,5,Satisfied
676,Female,44,First-time,Business,Business,354,0,0,3,3,3,2,3,3,5,2,5,5,5,2,5,4,Neutral or Dissatisfied
677,Female,58,Returning,Business,Business,3798,5,4,2,2,5,5,2,5,4,5,5,3,5,2,5,5,Satisfied
678,Female,50,First-time,Business,Business,140,0,0,3,3,4,3,4,3,5,2,5,5,5,3,5,4,Neutral or Dissatisfied
679,Male,45,Returning,Business,Business,3934,0,0,2,4,2,2,2,1,2,1,4,1,1,2,1,2,Neutral or Dissatisfied
680,Male,21,First-time,Business,Economy,309,0,0,5,0,3,0,2,5,3,4,3,3,5,1,3,4,Neutral or Dissatisfied
681,Male,56,Returning,Business,Business,89,0,0,5,3,1,3,5,3,3,3,2,2,3,3,3,3,Neutral or Dissatisfied
682,Female,54,Returning,Business,Business,2509,0,3,4,4,4,5,4,5,4,5,4,3,5,4,5,4,Satisfied
683,Male,16,First-time,Business,Economy,309,0,0,4,4,2,4,4,2,5,1,5,5,4,4,5,4,Neutral or Dissatisfied
684,Female,37,First-time,Business,Business,164,63,60,2,2,3,2,4,3,3,5,3,3,4,2,3,5,Satisfied
685,Female,41,Returning,Business,Business,2868,19,22,1,1,5,4,1,4,5,4,4,3,4,1,4,4,Satisfied
686,Female,22,First-time,Business,Business,164,3,0,2,1,2,1,3,1,4,1,4,4,3,1,4,3,Neutral or Dissatisfied
687,Female,55,Returning,Business,Business,3446,0,0,2,5,4,3,2,2,3,2,1,1,2,1,2,1,Neutral or Dissatisfied
688,Female,57,Returning,Business,Business,354,0,0,0,0,3,5,3,4,5,3,3,3,4,0,4,3,Satisfied
689,Female,39,First-time,Business,Business,89,0,44,2,2,4,2,1,5,4,3,4,4,4,2,4,4,Satisfied
690,Female,59,Returning,Business,Business,3085,0,0,2,2,4,5,2,4,5,4,5,2,4,2,4,4,Satisfied
691,Male,56,First-time,Business,Business,229,0,0,2,2,3,2,3,4,3,3,3,3,4,2,3,3,Neutral or Dissatisfied
692,Female,46,Returning,Business,Business,3717,0,6,3,3,5,5,3,4,5,4,3,3,4,3,4,5,Satisfied
693,Male,44,Returning,Business,Business,158,66,57,3,3,4,4,3,4,5,5,5,5,4,3,4,4,Satisfied
694,Female,39,First-time,Business,Business,482,11,7,2,2,3,2,4,4,1,2,1,1,4,2,1,5,Neutral or Dissatisfied
695,Male,32,Returning,Business,Business,270,0,0,2,2,3,4,2,5,4,2,4,4,5,2,4,5,Satisfied
696,Male,39,First-time,Business,Business,158,0,0,1,1,3,1,4,4,4,2,4,4,4,1,4,4,Neutral or Dissatisfied
697,Female,46,Returning,Business,Business,158,0,0,5,5,1,3,5,1,2,2,3,1,1,2,1,2,Neutral or Dissatisfied
698,Female,52,Returning,Business,Business,1975,0,0,0,0,4,5,4,1,4,1,3,5,1,0,1,1,Satisfied
699,Female,43,Returning,Business,Business,312,0,0,1,1,3,4,1,3,5,4,4,3,3,1,3,3,Satisfied
700,Female,58,Returning,Business,Business,2649,3,48,2,2,4,3,2,3,2,3,2,4,3,3,3,3,Neutral or Dissatisfied
701,Male,44,Returning,Business,Business,102,6,7,2,2,4,4,2,3,3,3,2,1,3,1,3,1,Neutral or Dissatisfied
702,Male,58,Returning,Business,Business,1834,0,0,3,3,4,4,3,5,4,5,4,4,5,3,5,5,Satisfied
703,Male,54,Returning,Business,Business,2385,0,0,1,1,5,4,1,4,4,4,5,3,4,1,4,4,Satisfied
704,Male,58,Returning,Business,Business,354,10,8,3,3,5,4,3,4,4,4,3,3,4,3,4,4,Satisfied
705,Male,55,Returning,Business,Business,164,61,66,4,4,4,4,4,4,4,4,3,3,4,4,4,5,Satisfied
706,Female,21,First-time,Business,Economy,354,2,8,4,0,3,0,4,4,3,3,3,3,5,0,3,4,Satisfied
707,Female,47,Returning,Business,Business,3824,0,0,4,0,5,5,2,3,4,3,4,4,3,0,3,3,Satisfied
708,Female,57,Returning,Business,Business,354,6,8,0,0,4,4,3,3,5,4,3,3,3,0,3,4,Satisfied
709,Male,56,Returning,Business,Business,3435,0,0,3,3,5,5,3,5,5,5,3,4,5,3,5,4,Satisfied
710,Female,50,Returning,Business,Business,134,0,0,5,4,3,5,4,5,5,4,3,3,5,4,5,4,Satisfied
711,Female,44,Returning,Business,Business,3189,5,3,1,1,4,5,1,5,5,5,5,4,5,1,5,5,Satisfied
712,Female,38,First-time,Business,Business,113,0,0,3,3,3,3,4,3,5,2,5,5,3,3,5,3,Neutral or Dissatisfied
713,Female,20,First-time,Business,Economy,134,34,21,4,4,3,4,2,3,2,3,2,2,4,4,2,5,Neutral or Dissatisfied
714,Female,24,First-time,Business,Business,158,0,46,0,0,4,0,1,3,2,3,2,2,5,0,2,4,Satisfied
715,Female,37,First-time,Business,Business,309,71,61,1,1,5,1,3,5,2,2,2,2,4,1,2,4,Neutral or Dissatisfied
716,Male,48,Returning,Business,Business,3447,0,18,0,0,4,4,3,5,5,5,3,2,5,0,5,2,Satisfied
717,Female,37,Returning,Business,Business,3638,0,0,3,3,5,5,3,5,4,5,4,2,5,3,5,4,Satisfied
718,Female,40,Returning,Business,Business,3184,0,0,3,3,4,4,3,4,5,4,3,2,4,3,4,5,Satisfied
719,Male,43,Returning,Business,Business,309,0,4,4,4,4,4,4,5,4,5,3,4,5,4,5,5,Satisfied
720,Male,59,Returning,Business,Business,2394,4,8,4,3,5,4,4,4,4,4,4,3,4,4,4,4,Satisfied
721,Female,60,Returning,Business,Business,354,0,0,1,1,3,5,1,4,5,4,3,2,4,1,4,4,Satisfied
722,Female,46,Returning,Business,Business,1942,0,0,3,3,2,4,3,3,4,3,2,5,3,3,3,3,Neutral or Dissatisfied
723,Female,52,Returning,Business,Business,1920,13,13,2,2,3,4,2,3,3,3,3,4,3,3,3,3,Neutral or Dissatisfied
724,Male,49,Returning,Business,Business,158,0,0,4,4,5,4,4,4,4,4,5,2,4,4,4,4,Satisfied
725,Male,60,Returning,Business,Business,2883,0,0,3,3,1,2,3,2,3,2,1,2,2,1,2,1,Neutral or Dissatisfied
726,Male,44,Returning,Business,Business,312,0,0,3,5,3,5,3,5,5,5,3,3,5,3,5,5,Satisfied
727,Female,73,Returning,Business,Business,134,0,0,3,3,4,4,3,2,4,2,3,2,2,3,2,3,Neutral or Dissatisfied
728,Male,54,Returning,Business,Business,2218,0,0,1,1,2,4,1,2,3,2,4,3,2,2,2,2,Neutral or Dissatisfied
729,Female,56,Returning,Business,Business,3886,0,0,2,2,3,4,2,4,5,4,4,3,4,2,4,4,Satisfied
730,Female,56,Returning,Business,Business,2568,0,0,1,1,3,3,1,3,2,3,4,5,3,3,3,3,Neutral or Dissatisfied
731,Male,55,Returning,Business,Business,247,23,26,3,3,3,5,3,3,5,4,4,5,3,3,3,3,Satisfied
732,Female,50,Returning,Business,Business,3623,0,0,0,0,5,5,5,3,4,3,4,4,3,0,3,3,Satisfied
733,Male,42,Returning,Business,Business,2211,56,51,1,1,4,2,1,3,2,3,1,3,3,1,3,1,Neutral or Dissatisfied
734,Male,42,Returning,Business,Business,247,0,4,1,1,3,5,1,4,5,4,3,4,4,1,4,4,Satisfied
735,Male,60,Returning,Business,Business,113,0,0,4,0,5,5,1,5,5,5,5,2,5,0,5,5,Satisfied
736,Male,37,Returning,Business,Business,2421,4,1,3,3,3,4,3,5,4,5,5,2,5,3,5,5,Satisfied
737,Male,39,First-time,Business,Business,89,23,38,0,0,4,0,3,5,1,5,1,1,5,5,1,4,Satisfied
738,Female,44,Returning,Business,Business,89,0,0,3,3,5,5,3,4,5,5,5,2,4,3,4,5,Satisfied
739,Male,24,First-time,Business,Economy,134,0,0,0,3,3,3,1,5,5,4,5,5,5,3,5,4,Neutral or Dissatisfied
740,Male,40,First-time,Business,Business,270,0,0,4,4,4,4,4,5,4,5,4,4,5,4,4,5,Neutral or Dissatisfied
741,Male,22,First-time,Business,Economy,134,27,18,4,1,3,1,4,2,4,2,4,4,4,1,4,3,Neutral or Dissatisfied
742,Female,56,Returning,Business,Business,1707,7,15,4,4,3,4,4,4,5,5,4,3,4,4,4,4,Satisfied
743,Female,30,First-time,Business,Business,89,9,0,2,2,1,2,4,4,2,4,2,2,4,1,2,4,Neutral or Dissatisfied
744,Female,40,Returning,Business,Business,3553,0,0,1,3,4,5,3,5,5,5,5,3,5,3,5,5,Satisfied
745,Female,47,Returning,Business,Business,482,9,0,2,2,5,4,2,4,5,4,4,5,4,2,4,4,Satisfied
746,Female,17,First-time,Business,Economy,354,10,12,4,3,4,3,4,1,4,4,4,4,4,3,4,3,Neutral or Dissatisfied
747,Female,41,Returning,Business,Business,158,0,0,1,3,3,4,1,4,5,4,4,4,4,1,4,4,Satisfied
748,Female,49,Returning,Business,Business,3125,102,96,4,4,5,4,4,5,4,5,5,5,5,4,5,5,Satisfied
749,Female,22,First-time,Business,Business,309,0,0,0,1,3,1,4,3,3,2,2,2,4,0,2,4,Satisfied
750,Female,44,First-time,Business,Business,354,22,20,2,2,2,3,3,1,5,4,5,5,3,3,5,2,Neutral or Dissatisfied
751,Female,37,First-time,Business,Business,158,0,0,3,3,1,3,4,4,3,4,3,3,3,3,3,4,Neutral or Dissatisfied
752,Male,27,First-time,Business,Business,312,175,174,1,1,5,5,2,5,5,5,5,1,3,1,4,5,Neutral or Dissatisfied
753,Female,48,First-time,Business,Business,309,0,5,2,2,4,2,3,1,5,3,5,5,4,2,5,4,Neutral or Dissatisfied
754,Male,55,Returning,Business,Business,2389,37,28,1,1,4,5,1,5,5,5,4,2,5,1,5,5,Satisfied
755,Male,25,First-time,Business,Business,309,0,0,3,3,4,3,2,1,2,2,3,3,2,3,3,3,Neutral or Dissatisfied
756,Female,55,Returning,Business,Business,1688,0,0,2,2,4,5,2,5,5,5,3,2,5,2,5,5,Satisfied
757,Male,47,Returning,Business,Business,134,0,0,3,3,2,4,3,2,4,2,2,4,2,2,2,2,Neutral or Dissatisfied
758,Female,42,Returning,Business,Business,3761,5,12,1,1,4,4,1,3,3,3,4,3,3,3,3,3,Neutral or Dissatisfied
759,Male,44,First-time,Business,Business,282,15,21,2,2,1,2,4,3,2,3,2,2,3,2,2,4,Neutral or Dissatisfied
760,Male,42,Returning,Business,Business,1750,0,5,5,5,2,3,5,1,3,1,4,3,1,1,1,1,Neutral or Dissatisfied
761,Male,42,Returning,Business,Business,1538,0,1,3,3,1,3,3,3,3,3,4,1,3,3,3,3,Neutral or Dissatisfied
762,Female,58,First-time,Business,Business,396,0,0,4,4,1,4,4,2,5,4,5,5,3,4,5,4,Neutral or Dissatisfied
763,Female,50,Returning,Business,Business,134,4,8,4,1,3,5,4,4,5,4,3,3,4,4,4,5,Satisfied
764,Male,57,Returning,Business,Business,309,17,16,1,1,2,2,1,2,3,2,1,2,2,2,2,2,Neutral or Dissatisfied
765,Male,26,First-time,Business,Business,354,0,7,1,3,3,3,3,2,3,5,3,3,3,3,3,3,Neutral or Dissatisfied
766,Female,42,Returning,Business,Business,1532,6,1,1,1,5,4,1,5,5,5,3,2,5,1,5,5,Satisfied
767,Female,22,First-time,Business,Business,229,37,37,3,2,4,2,3,1,2,4,2,2,3,2,2,3,Neutral or Dissatisfied
768,Male,37,First-time,Business,Business,247,2,6,2,2,4,2,4,4,3,3,3,3,4,2,3,4,Neutral or Dissatisfied
769,Male,30,Returning,Business,Business,309,0,0,3,3,4,2,3,3,2,5,2,2,4,2,2,3,Neutral or Dissatisfied
770,Male,40,Returning,Business,Business,158,0,0,4,0,3,4,5,4,4,4,3,4,4,0,4,4,Satisfied
771,Female,48,Returning,Business,Business,2658,0,0,0,0,5,4,1,2,5,5,5,3,2,0,2,5,Satisfied
772,Male,51,Returning,Business,Business,102,0,0,1,1,3,4,1,5,5,5,5,3,5,1,5,4,Satisfied
773,Female,37,Returning,Business,Business,3853,0,0,3,3,3,2,3,3,2,3,1,1,3,3,3,3,Neutral or Dissatisfied
774,Female,43,Returning,Business,Business,102,39,48,3,3,3,5,3,4,4,4,3,3,4,3,4,5,Satisfied
775,Male,41,First-time,Business,Business,309,18,18,2,2,3,2,4,3,2,4,2,2,4,2,2,4,Neutral or Dissatisfied
776,Female,52,Returning,Business,Business,2236,27,28,3,3,4,4,3,2,4,2,3,3,2,2,2,2,Neutral or Dissatisfied
777,Male,47,Returning,Business,Business,158,0,0,5,4,4,4,5,3,4,4,4,3,3,5,3,4,Satisfied
778,Male,60,Returning,Business,Business,102,0,0,1,5,4,5,1,5,5,5,3,2,5,1,5,5,Satisfied
779,Female,54,Returning,Business,Business,2538,0,1,0,0,3,5,1,4,4,4,3,4,4,0,4,4,Satisfied
780,Female,53,Returning,Business,Business,1588,7,18,0,0,3,4,3,5,4,4,4,3,5,0,5,4,Satisfied
781,Male,47,Returning,Business,Business,2880,0,0,5,5,4,1,5,2,2,2,4,3,2,2,2,2,Neutral or Dissatisfied
782,Male,43,Returning,Business,Business,3120,4,0,3,3,3,4,3,5,4,5,4,5,5,3,5,5,Satisfied
783,Female,61,Returning,Business,Business,396,13,2,4,4,5,4,4,4,5,4,4,3,4,4,4,4,Satisfied
784,Female,57,Returning,Business,Business,164,25,23,4,4,3,4,4,2,3,2,4,3,2,3,2,3,Neutral or Dissatisfied
785,Female,27,First-time,Business,Business,89,57,52,3,3,1,3,3,3,3,1,3,3,4,3,3,4,Neutral or Dissatisfied
786,Female,25,First-time,Business,Business,247,0,2,1,1,3,1,3,1,3,3,3,3,2,1,3,3,Neutral or Dissatisfied
787,Female,38,Returning,Business,Business,134,0,16,3,3,1,4,3,2,4,2,3,3,2,1,2,1,Neutral or Dissatisfied
788,Male,47,Returning,Business,Business,229,36,27,5,3,3,4,5,3,5,4,5,3,3,5,3,3,Satisfied
789,Female,20,First-time,Business,Business,134,0,0,4,2,3,2,3,2,5,1,5,5,3,2,5,4,Neutral or Dissatisfied
790,Male,34,Returning,Business,Business,354,31,29,2,2,1,3,2,2,3,2,4,1,2,2,2,2,Neutral or Dissatisfied
791,Male,39,Returning,Business,Business,2879,0,0,5,5,2,4,5,2,3,2,3,1,2,3,2,3,Neutral or Dissatisfied
792,Female,43,Returning,Business,Business,3923,7,8,3,3,2,2,3,4,2,4,3,3,4,1,4,1,Neutral or Dissatisfied
793,Female,35,First-time,Business,Business,89,0,0,5,5,4,5,3,2,3,2,3,3,4,4,3,4,Neutral or Dissatisfied
794,Female,45,Returning,Business,Business,2708,4,0,5,5,2,3,5,2,3,3,1,5,2,2,2,2,Neutral or Dissatisfied
795,Female,51,Returning,Business,Business,229,12,4,1,1,3,3,1,2,3,2,4,5,2,2,2,2,Neutral or Dissatisfied
796,Female,58,Returning,Business,Business,2808,11,6,2,2,2,3,2,3,4,3,4,4,3,3,3,3,Neutral or Dissatisfied
797,Male,52,Returning,Business,Business,134,0,0,5,0,5,4,1,5,5,5,3,4,5,0,5,5,Satisfied
798,Female,23,Returning,Business,Business,89,0,0,2,3,4,3,2,4,3,2,3,3,3,3,3,3,Neutral or Dissatisfied
799,Male,52,Returning,Business,Business,1959,0,0,4,4,4,5,4,4,4,4,3,3,4,4,4,4,Satisfied
800,Male,46,Returning,Business,Business,3934,0,0,2,2,4,5,2,4,4,4,3,5,4,2,4,4,Satisfied
801,Female,39,Returning,Business,Business,2224,0,0,3,3,2,3,3,3,4,4,4,2,3,4,3,4,Neutral or Dissatisfied
802,Male,48,Returning,Business,Business,134,0,0,3,2,3,5,3,5,5,5,4,2,5,3,5,4,Satisfied
803,Male,63,Returning,Business,Business,134,0,0,5,5,1,3,5,2,4,3,1,5,2,3,2,3,Neutral or Dissatisfied
804,Female,38,Returning,Business,Business,2885,4,8,1,4,4,3,1,3,4,3,1,5,3,3,3,3,Neutral or Dissatisfied
805,Female,54,Returning,Business,Business,354,0,0,5,5,2,3,5,3,4,3,2,2,3,3,3,3,Neutral or Dissatisfied
806,Male,39,Returning,Business,Business,309,0,0,4,4,4,3,4,2,3,2,2,2,2,2,2,2,Neutral or Dissatisfied
807,Male,49,Returning,Business,Business,134,0,0,3,1,4,2,3,1,2,1,3,3,1,2,1,2,Neutral or Dissatisfied
808,Male,17,First-time,Business,Economy,229,0,0,3,3,1,3,3,4,5,3,5,5,3,3,5,4,Neutral or Dissatisfied
809,Female,18,First-time,Business,Economy,158,0,0,0,5,4,5,4,5,5,2,3,3,5,5,3,4,Satisfied
810,Male,45,Returning,Business,Business,2930,0,0,1,1,4,5,2,1,5,1,4,4,1,0,1,1,Satisfied
811,Female,58,Returning,Business,Business,354,0,0,2,2,2,4,2,2,3,2,1,1,2,2,2,2,Neutral or Dissatisfied
812,Male,49,Returning,Business,Business,2449,0,0,4,4,4,4,4,4,4,4,4,2,4,4,4,4,Satisfied
813,Male,40,Returning,Business,Business,2845,3,8,5,3,3,4,5,3,4,3,3,4,3,1,3,1,Neutral or Dissatisfied
814,Female,50,Returning,Business,Business,309,0,0,3,3,4,4,3,4,5,4,5,3,4,3,4,4,Satisfied
815,Female,56,Returning,Business,Business,247,9,5,5,5,3,4,5,3,4,4,2,4,3,3,3,3,Neutral or Dissatisfied
816,Male,20,First-time,Business,Economy,113,0,0,0,2,3,2,1,5,2,5,4,4,5,2,4,4,Neutral or Dissatisfied
817,Male,55,Returning,Business,Business,2480,0,0,5,0,3,4,2,2,4,2,4,2,2,0,2,2,Satisfied
818,Female,36,First-time,Business,Business,282,0,0,2,2,5,2,4,3,3,5,3,3,4,2,3,5,Neutral or Dissatisfied
819,Female,39,First-time,Business,Business,312,9,3,3,3,3,3,3,3,3,4,3,3,4,3,3,4,Neutral or Dissatisfied
820,Male,42,Returning,Business,Business,1656,20,11,3,3,3,4,3,2,3,2,4,3,2,2,2,2,Neutral or Dissatisfied
821,Male,44,Returning,Business,Business,1644,0,0,4,4,4,3,4,2,4,2,3,5,2,2,2,2,Neutral or Dissatisfied
822,Female,45,Returning,Business,Business,3665,0,0,5,5,2,3,5,3,3,3,1,5,3,1,3,1,Neutral or Dissatisfied
823,Male,57,Returning,Business,Business,113,0,0,2,2,1,3,2,1,4,1,1,2,1,4,1,4,Neutral or Dissatisfied
824,Male,23,First-time,Business,Business,134,0,0,0,5,4,5,1,4,5,4,5,5,5,5,5,5,Satisfied
825,Male,44,Returning,Business,Business,2184,39,42,2,2,2,3,2,4,2,3,1,1,4,3,4,3,Neutral or Dissatisfied
826,Male,25,Returning,Business,Business,2661,30,31,1,1,3,1,1,1,1,2,1,1,4,1,1,3,Neutral or Dissatisfied
827,Male,43,Returning,Business,Business,309,0,0,4,4,1,3,4,1,4,2,4,2,1,1,1,1,Neutral or Dissatisfied
828,Female,35,Returning,Business,Business,3587,0,0,2,2,4,5,2,5,5,5,5,2,5,2,5,5,Satisfied
829,Male,20,First-time,Business,Business,134,66,67,0,0,4,0,3,3,3,3,3,3,5,0,3,5,Satisfied
830,Female,31,Returning,Business,Business,229,0,0,5,5,1,2,5,3,2,2,2,2,3,2,2,4,Neutral or Dissatisfied
831,Female,20,First-time,Business,Economy,134,0,0,3,5,4,5,3,1,4,1,4,4,4,4,4,4,Neutral or Dissatisfied
832,Female,27,First-time,Business,Business,312,0,0,4,4,4,4,1,3,5,4,5,5,5,4,5,4,Satisfied
833,Female,37,First-time,Business,Business,312,0,0,4,4,5,4,1,5,2,2,2,2,4,4,2,5,Satisfied
834,Female,80,Returning,Business,Business,229,2,0,5,5,4,3,5,4,3,4,1,5,4,4,4,4,Neutral or Dissatisfied
835,Male,43,Returning,Business,Business,2505,0,0,4,4,4,4,4,4,4,4,4,5,4,4,4,4,Satisfied
836,Male,59,First-time,Business,Business,134,0,0,2,2,2,3,3,1,1,1,1,1,3,3,1,3,Neutral or Dissatisfied
837,Male,49,Returning,Business,Business,3474,0,0,4,4,4,4,4,4,5,4,4,2,4,4,4,4,Satisfied
838,Female,15,Returning,Business,Business,270,0,0,3,3,4,2,3,3,2,2,2,2,2,2,2,3,Neutral or Dissatisfied
839,Male,39,Returning,Business,Business,396,0,,3,5,5,4,3,3,4,3,3,3,3,3,3,3,Satisfied
840,Female,45,Returning,Business,Business,3477,0,0,3,3,4,4,3,5,4,5,4,3,5,3,5,5,Satisfied
841,Male,47,Returning,Business,Business,2708,0,0,1,1,1,2,1,2,1,2,3,3,2,2,2,2,Neutral or Dissatisfied
842,Female,41,Returning,Business,Business,3080,0,6,2,2,3,4,2,4,4,3,1,5,4,2,4,2,Neutral or Dissatisfied
843,Male,42,Returning,Business,Business,134,0,1,3,3,1,3,3,4,4,4,3,4,4,4,4,4,Neutral or Dissatisfied
844,Male,17,First-time,Business,Economy,309,0,0,1,2,2,2,3,3,5,2,2,2,4,2,2,3,Neutral or Dissatisfied
845,Female,55,Returning,Business,Business,2431,0,0,2,2,4,3,2,2,4,2,4,3,2,1,2,1,Neutral or Dissatisfied
846,Female,51,Returning,Business,Business,134,0,0,1,1,5,4,1,4,5,4,3,3,4,1,4,5,Satisfied
847,Female,24,First-time,Business,Economy,113,20,6,2,2,2,2,4,4,3,5,3,3,4,2,3,4,Neutral or Dissatisfied
848,Female,33,First-time,Business,Business,102,8,43,1,1,1,1,4,1,2,3,2,2,4,1,2,4,Neutral or Dissatisfied
849,Male,26,First-time,Business,Business,89,29,25,3,4,2,4,4,1,3,1,4,4,4,4,4,3,Neutral or Dissatisfied
850,Male,53,Returning,Business,Business,2319,13,6,2,4,4,4,2,4,4,4,2,5,4,4,4,4,Neutral or Dissatisfied
851,Female,39,Returning,Business,Business,1976,0,13,2,2,3,2,2,1,2,1,1,3,1,1,1,1,Neutral or Dissatisfied
852,Female,16,First-time,Business,Economy,158,0,0,0,5,5,5,1,3,5,5,5,5,4,5,5,4,Satisfied
853,Female,40,First-time,Business,Business,247,19,15,3,3,3,3,4,2,4,1,4,4,4,2,4,4,Neutral or Dissatisfied
854,Male,36,Returning,Business,Business,3426,0,0,4,4,3,3,4,2,4,2,1,1,2,4,2,4,Neutral or Dissatisfied
855,Male,40,Returning,Business,Business,2582,0,2,4,4,2,2,4,1,2,1,1,1,1,1,1,1,Neutral or Dissatisfied
856,Female,18,First-time,Business,Economy,309,48,63,3,3,4,3,3,2,2,1,2,2,3,3,2,4,Neutral or Dissatisfied
857,Male,47,First-time,Business,Business,113,0,0,1,1,2,1,3,1,1,3,4,4,3,1,4,4,Neutral or Dissatisfied
858,Female,24,First-time,Business,Business,89,0,0,3,3,4,3,2,3,2,4,5,5,3,3,5,2,Neutral or Dissatisfied
859,Female,51,Returning,Business,Business,354,0,0,1,1,2,3,1,3,4,2,2,2,3,3,3,3,Neutral or Dissatisfied
860,Female,39,First-time,Business,Business,354,33,27,3,3,1,3,3,2,1,3,1,1,4,3,1,4,Neutral or Dissatisfied
861,Female,42,Returning,Business,Business,247,0,0,4,4,1,3,4,3,3,3,1,5,3,3,3,3,Neutral or Dissatisfied
862,Male,18,First-time,Business,Economy,134,0,0,5,3,4,3,2,3,4,3,4,4,5,3,4,4,Neutral or Dissatisfied
863,Female,37,First-time,Business,Business,270,0,0,2,2,3,2,4,3,5,1,5,5,4,2,5,4,Neutral or Dissatisfied
864,Female,60,Returning,Business,Business,2738,0,0,3,3,5,4,3,4,4,4,4,2,4,3,4,4,Satisfied
865,Male,35,Returning,Business,Business,89,0,2,3,3,1,4,3,1,4,1,4,4,1,2,1,2,Neutral or Dissatisfied
866,Female,23,First-time,Business,Economy,282,34,30,4,1,2,1,4,4,4,1,4,4,3,1,4,3,Neutral or Dissatisfied
867,Female,47,Returning,Business,Business,2728,0,0,1,1,4,4,1,5,4,5,4,3,5,1,5,5,Satisfied
868,Female,41,Returning,Business,Business,2743,0,0,3,3,3,5,3,5,4,5,5,3,5,3,5,5,Satisfied
869,Male,77,First-time,Business,Business,270,0,5,1,1,2,4,3,2,4,2,2,4,2,2,2,2,Neutral or Dissatisfied
870,Female,24,First-time,Business,Economy,247,3,0,0,5,5,5,2,5,2,5,2,2,4,5,2,4,Satisfied
871,Female,61,First-time,Business,Business,247,0,0,5,5,3,5,3,4,4,4,4,4,4,5,4,4,Satisfied
872,Female,56,Returning,Business,Business,3870,0,0,3,3,5,4,3,5,4,5,4,4,5,3,5,4,Satisfied
873,Male,32,Returning,Business,Business,2702,1,2,5,4,3,4,5,2,4,4,4,4,3,4,4,4,Neutral or Dissatisfied
874,Male,25,First-time,Business,Business,89,0,0,3,1,3,1,3,1,2,3,2,2,3,1,2,4,Neutral or Dissatisfied
875,Male,49,Returning,Business,Business,270,9,4,5,5,3,5,5,4,5,4,5,2,4,5,4,4,Satisfied
876,Male,55,Returning,Business,Business,1568,0,0,5,5,1,4,5,2,4,2,1,3,2,2,2,2,Neutral or Dissatisfied
877,Female,60,Returning,Business,Business,309,0,2,4,3,1,3,4,3,3,3,4,1,3,3,3,3,Neutral or Dissatisfied
878,Male,43,Returning,Business,Business,2954,0,0,2,2,3,4,2,2,4,1,3,5,2,3,2,3,Neutral or Dissatisfied
879,Female,41,Returning,Business,Business,102,0,0,5,5,2,3,5,2,4,2,4,2,2,1,2,1,Neutral or Dissatisfied
880,Female,45,First-time,Business,Business,282,2,0,3,3,1,3,4,1,5,4,5,5,3,3,5,3,Neutral or Dissatisfied
881,Female,25,Returning,Business,Business,89,27,29,5,5,3,1,5,2,4,4,0,0,4,4,0,4,Neutral or Dissatisfied
882,Male,39,First-time,Business,Business,354,0,0,2,2,1,2,2,4,4,4,4,4,3,2,4,3,Neutral or Dissatisfied
883,Male,62,First-time,Business,Business,89,13,9,3,3,1,3,3,1,4,2,4,4,3,3,4,3,Neutral or Dissatisfied
884,Male,34,Returning,Business,Business,158,0,0,4,4,3,4,4,5,4,5,3,5,5,4,5,5,Satisfied
885,Female,26,First-time,Business,Business,354,0,0,2,1,2,1,3,3,4,1,4,4,4,1,4,4,Neutral or Dissatisfied
886,Female,57,Returning,Business,Business,164,29,39,2,2,2,3,2,2,2,2,1,5,2,2,2,2,Neutral or Dissatisfied
887,Female,61,First-time,Business,Business,309,19,14,2,2,2,2,3,2,1,3,1,1,4,2,1,4,Neutral or Dissatisfied
888,Female,57,Returning,Business,Business,134,0,0,1,1,2,4,1,3,4,3,2,2,3,1,3,1,Neutral or Dissatisfied
889,Female,42,First-time,Business,Business,282,12,0,2,2,4,2,4,3,3,3,3,3,4,2,3,5,Neutral or Dissatisfied
890,Male,24,Returning,Business,Business,2357,0,0,2,2,3,4,2,3,5,2,4,4,4,2,4,5,Satisfied
891,Male,44,Returning,Business,Business,2867,0,0,4,4,3,4,4,5,4,5,4,4,5,4,5,4,Satisfied
892,Male,61,Returning,Business,Business,3504,127,124,5,5,1,4,5,2,3,2,3,3,2,2,2,2,Neutral or Dissatisfied
893,Female,56,Returning,Business,Business,3755,0,0,2,2,2,4,2,2,3,2,2,5,2,2,2,2,Neutral or Dissatisfied
894,Female,17,First-time,Business,Business,229,0,0,3,3,3,3,3,4,2,5,2,2,3,3,2,3,Neutral or Dissatisfied
895,Male,39,First-time,Business,Business,247,0,0,1,1,4,1,1,5,1,4,1,1,5,1,1,4,Neutral or Dissatisfied
896,Female,45,Returning,Business,Business,1749,0,0,5,5,3,4,5,2,4,2,3,5,2,2,2,2,Neutral or Dissatisfied
897,Male,46,Returning,Business,Business,309,0,0,5,5,5,4,5,4,4,4,4,2,4,5,4,4,Satisfied
898,Male,57,Returning,Business,Business,2491,0,0,3,3,5,4,3,4,5,5,3,5,4,3,4,4,Satisfied
899,Female,46,Returning,Business,Business,2605,0,0,4,4,3,3,4,2,4,2,3,2,2,2,2,2,Neutral or Dissatisfied
900,Female,61,Returning,Business,Business,3093,0,0,1,1,4,4,1,3,4,3,4,4,3,3,3,3,Neutral or Dissatisfied
901,Male,56,Returning,Business,Business,140,15,21,1,1,3,3,1,2,3,2,4,2,2,4,2,4,Neutral or Dissatisfied
902,Female,45,Returning,Business,Business,2215,14,16,1,1,4,2,1,2,2,2,3,5,2,2,2,2,Neutral or Dissatisfied
903,Male,70,Returning,Business,Business,2237,0,0,1,1,2,1,1,1,1,1,3,2,1,2,1,2,Neutral or Dissatisfied
904,Female,78,Returning,Business,Business,1800,26,20,4,4,1,3,4,3,3,4,2,5,3,1,3,1,Neutral or Dissatisfied
905,Male,36,First-time,Business,Business,354,0,0,2,2,1,2,1,3,1,1,1,1,1,2,1,2,Neutral or Dissatisfied
906,Female,44,Returning,Business,Business,3063,0,1,4,4,3,3,4,2,3,1,4,4,2,2,2,2,Neutral or Dissatisfied
907,Female,57,Returning,Business,Business,1583,0,0,0,0,3,5,3,4,4,4,4,4,4,0,4,4,Satisfied
908,Male,56,Returning,Business,Business,89,0,0,4,4,3,4,4,1,4,2,1,1,1,3,1,3,Neutral or Dissatisfied
909,Female,56,Returning,Business,Business,2618,0,1,4,4,1,3,4,3,3,3,2,2,3,2,3,2,Neutral or Dissatisfied
910,Female,35,Returning,Business,Business,134,161,171,1,1,3,2,1,1,3,2,3,3,2,2,3,2,Neutral or Dissatisfied
911,Female,21,First-time,Business,Economy,89,0,0,4,0,3,0,3,2,4,2,4,4,3,1,4,3,Neutral or Dissatisfied
912,Female,17,Returning,Business,Business,312,0,0,2,2,4,4,2,5,4,3,4,4,4,2,4,5,Satisfied
913,Male,56,Returning,Business,Business,1636,0,0,3,3,4,4,3,2,3,2,2,5,2,3,2,3,Neutral or Dissatisfied
914,Female,74,Returning,Business,Business,102,31,34,4,4,2,4,4,4,4,4,2,5,4,4,4,4,Neutral or Dissatisfied
915,Male,48,Returning,Business,Business,102,0,0,4,0,4,4,2,2,4,2,3,5,2,0,2,2,Satisfied
916,Male,33,First-time,Business,Business,354,4,0,4,4,4,4,3,3,2,2,2,2,4,4,2,3,Neutral or Dissatisfied
917,Male,40,Returning,Business,Business,2556,0,0,5,5,2,4,5,1,4,1,1,1,1,1,1,1,Neutral or Dissatisfied
918,Male,60,Returning,Business,Business,3358,0,0,4,0,3,5,2,5,4,5,5,2,5,0,5,5,Satisfied
919,Female,44,Returning,Business,Business,3308,0,0,1,1,3,4,1,3,4,3,4,1,3,1,3,1,Neutral or Dissatisfied
920,Male,27,First-time,Business,Business,140,0,0,1,1,1,1,4,3,3,4,3,3,3,2,3,3,Neutral or Dissatisfied
921,Male,17,Returning,Business,Business,2079,0,0,2,2,3,4,2,4,4,5,4,4,5,2,4,4,Satisfied
922,Male,43,Returning,Business,Business,309,0,6,3,3,3,3,3,3,3,3,3,5,3,3,3,3,Neutral or Dissatisfied
923,Male,57,Returning,Business,Business,309,0,0,3,3,2,3,3,3,3,3,2,1,3,3,3,3,Neutral or Dissatisfied
924,Female,66,First-time,Business,Business,396,195,295,3,3,2,2,3,4,2,4,2,3,4,3,3,4,Neutral or Dissatisfied
925,Male,57,Returning,Business,Business,89,5,4,2,2,3,4,2,5,4,5,4,2,5,2,5,4,Satisfied
926,Female,22,First-time,Business,Business,102,5,14,4,2,4,2,4,3,2,2,2,2,3,2,2,4,Neutral or Dissatisfied
927,Male,44,Returning,Business,Business,3876,0,0,2,2,3,5,2,5,5,5,4,3,5,2,5,4,Satisfied
928,Female,42,Returning,Business,Business,2747,43,55,2,2,4,4,2,2,3,2,2,4,2,2,2,2,Neutral or Dissatisfied
929,Female,37,First-time,Business,Business,158,0,0,1,1,3,1,3,2,4,3,5,5,4,1,5,4,Neutral or Dissatisfied
930,Female,21,First-time,Business,Economy,309,0,0,2,1,3,1,4,2,2,3,2,2,3,1,2,4,Neutral or Dissatisfied
931,Female,54,Returning,Business,Business,309,0,0,0,0,1,3,3,4,2,0,4,3,4,1,4,4,Neutral or Dissatisfied
932,Male,39,Returning,Business,Business,3907,0,0,4,4,3,2,4,1,2,1,2,4,1,1,1,1,Neutral or Dissatisfied
933,Male,37,First-time,Business,Business,312,0,0,4,4,4,4,4,4,4,4,4,4,5,5,4,5,Satisfied
934,Female,59,Returning,Business,Business,2260,0,0,2,2,3,5,2,4,5,4,5,3,4,2,4,5,Satisfied
